prodCd,refCode,searchCallPlanType,searchOrderby,url,badges,title,subtitle,data_raw,data_gb,daily_bonus_gb,plus_suffix,qos_text,qos_speed_mbps,voice_raw,voice_type,sms_raw,sms_count,price_base,price_promo,rate_data_won_per_mb,rate_voice_won_per_sec,rate_video_won_per_sec,rate_sms_won_per_msg,rate_lms_won_per_msg,rate_mms_text_won_per_msg,rate_mms_media_won_per_msg,tethering_cap_gb,extra_voice_benefit,benefits,events
PD00000006,PHONE,PROD_LTE_TYPE_ALL,4,https://www.sk7mobile.com/prod/data/callingPlanView.do?refCode=PHONE&searchCallPlanType=PROD_LTE_TYPE_ALL&prodCd=PD00000006,3G|통화편의|통화편의|개인정보보호,소리사랑11,시각 장애인 고객에 한해 가입 가능한 복지형 요금제,0MB,,,False,,,150분,RM,50건,50,12100,,44.0,1.98,3.3,16.0,33.0,110.0,110.0,,,,
PD00000081,PHONE,PROD_LTE_TYPE_ALL,4,https://www.sk7mobile.com/prod/data/callingPlanView.do?refCode=PHONE&searchCallPlanType=PROD_LTE_TYPE_ALL&prodCd=PD00000081,3G|청소년보호|청소년보호|개인정보보호|통화편의,NEW 키즈표준,우리 아이를 위한 전용 요금제 (만 13세 미만 가입 가능),,,,False,,,,,,,11000,,56.3,2.75,2.7,16.0,28.0,28.0,110.0,,,,
PD00000082,PHONE,PROD_LTE_TYPE_ALL,4,https://www.sk7mobile.com/prod/data/callingPlanView.do?refCode=PHONE&searchCallPlanType=PROD_LTE_TYPE_ALL&prodCd=PD00000082,3G|추천|청소년보호|청소년보호|개인정보보호|통화편의,청소년 (구 공부의신),수험생 등 데이터를 차단하고 미니멀 라이프를 추구하는 고객을 위한 특화 요금제(만 19세 미만 가입 가능),,,,False,,,,,,,20900,,56.3,2.75,2.7,16.0,28.0,28.0,110.0,,,,
PD00000083,PHONE,PROD_LTE_TYPE_ALL,4,https://www.sk7mobile.com/prod/data/callingPlanView.do?refCode=PHONE&searchCallPlanType=PROD_LTE_TYPE_ALL&prodCd=PD00000083,3G|추천|청소년보호|통화편의|개인정보보호,NEW 청소년34,우리 아이를 위한 전용 요금제  (만 19세 미만 가입),,,,False,,,,,,,25300,,56.3,2.75,2.7,16.0,28.0,28.0,110.0,,,,
PD00000084,PHONE,PROD_LTE_TYPE_ALL,4,https://www.sk7mobile.com/prod/data/callingPlanView.do?refCode=PHONE&searchCallPlanType=PROD_LTE_TYPE_ALL&prodCd=PD00000084,LTE|청소년보호|청소년보호|청소년보호|통화편의,LTE 청소년 데이터,우리 아이를 위한 전용 요금제  (만 19세 미만 가입),,,,False,,,,,,,26400,,56.3,2.75,2.7,16.0,28.0,28.0,110.0,,,,
PD00000085,PHONE,PROD_LTE_TYPE_ALL,4,https://www.sk7mobile.com/prod/data/callingPlanView.do?refCode=PHONE&searchCallPlanType=PROD_LTE_TYPE_ALL&prodCd=PD00000085,LTE|추천|청소년보호|청소년보호|청소년보호|통화편의,NEW 청소년LTE34,우리 아이를 위한 전용 요금제  (만 19세 미만 가입),,,,False,,,,,,,29700,,56.3,2.75,2.7,16.0,28.0,28.0,110.0,,,,
PD00000114,PHONE,PROD_LTE_TYPE_ALL,4,https://www.sk7mobile.com/prod/data/callingPlanView.do?refCode=PHONE&searchCallPlanType=PROD_LTE_TYPE_ALL&prodCd=PD00000114,3G|통화편의|통화편의|개인정보보호,표준,저렴한 기본료에 쓰는 만큼만!,0MB,,,False,,,0분,RM,0건,0,9790,,45.1,1.98,3.3,22.0,33.0,110.0,110.0,,,,
PD00000129,PHONE,PROD_LTE_TYPE_ALL,4,https://www.sk7mobile.com/prod/data/callingPlanView.do?refCode=PHONE&searchCallPlanType=PROD_LTE_TYPE_ALL&prodCd=PD00000129,3G|통화편의|통화편의|개인정보보호,데이터중심300MB_3G,음성통화는 기본 제공! 데이터는 원하는 만큼,300MB,,,False,,,기본제공,RS,기본제공,,31790,,22.5,1.98,3.3,22.0,,110.0,0.0,,,,
PD00000130,PHONE,PROD_LTE_TYPE_ALL,4,https://www.sk7mobile.com/prod/data/callingPlanView.do?refCode=PHONE&searchCallPlanType=PROD_LTE_TYPE_ALL&prodCd=PD00000130,3G|통화편의|통화편의|개인정보보호,데이터중심1.2GB_3G,음성통화는 기본 제공! 데이터는 원하는 만큼,1.2GB,1.2,,False,,,기본제공,RS,기본제공,,36300,,22.5,1.98,3.3,22.0,33.0,110.0,0.0,,,,
PD00000131,PHONE,PROD_LTE_TYPE_ALL,4,https://www.sk7mobile.com/prod/data/callingPlanView.do?refCode=PHONE&searchCallPlanType=PROD_LTE_TYPE_ALL&prodCd=PD00000131,3G|추천|통화편의|통화편의|개인정보보호,데이터중심2.2GB_3G,음성통화는 기본 제공! 데이터는 원하는 만큼,2.2GB,2.2,,False,,,기본제공,RS,기본제공,,42900,,22.5,1.98,3.3,22.0,33.0,110.0,0.0,,,,
PD00000132,PHONE,PROD_LTE_TYPE_ALL,4,https://www.sk7mobile.com/prod/data/callingPlanView.do?refCode=PHONE&searchCallPlanType=PROD_LTE_TYPE_ALL&prodCd=PD00000132,3G|통화편의|통화편의|개인정보보호,데이터중심3.5GB_3G,음성통화는 기본 제공! 데이터는 원하는 만큼,3.5GB,3.5,,False,,,기본제공,RS,기본제공,,48400,,22.5,1.98,3.3,22.0,33.0,110.0,0.0,,,,
PD00000133,PHONE,PROD_LTE_TYPE_ALL,4,https://www.sk7mobile.com/prod/data/callingPlanView.do?refCode=PHONE&searchCallPlanType=PROD_LTE_TYPE_ALL&prodCd=PD00000133,3G|통화편의|통화편의|개인정보보호,데이터중심6.5GB_3G,음성통화는 기본 제공! 데이터는 빵빵!,6.5GB,6.5,,False,,,기본제공,RS,기본제공,,52800,,22.5,1.98,3.3,22.0,33.0,110.0,0.0,,,,
PD00000134,PHONE,PROD_LTE_TYPE_ALL,4,https://www.sk7mobile.com/prod/data/callingPlanView.do?refCode=PHONE&searchCallPlanType=PROD_LTE_TYPE_ALL&prodCd=PD00000134,LTE|통화편의|통화편의|개인정보보호,데이터중심300MB_LTE,음성통화는 기본 제공! 데이터는 원하는 만큼,300MB,,,False,,,기본제공,RS,기본제공,,31790,,22.5,1.98,3.3,22.0,33.0,110.0,0.0,,,,
PD00000135,PHONE,PROD_LTE_TYPE_ALL,4,https://www.sk7mobile.com/prod/data/callingPlanView.do?refCode=PHONE&searchCallPlanType=PROD_LTE_TYPE_ALL&prodCd=PD00000135,LTE|통화편의|통화편의|개인정보보호,데이터중심1.2GB_LTE,음성통화는 기본 제공! 데이터는 원하는 만큼,1.2GB,1.2,,False,,,기본제공,RS,기본제공,,36300,,22.5,1.98,3.3,22.0,33.0,110.0,0.0,,,,
PD00000136,PHONE,PROD_LTE_TYPE_ALL,4,https://www.sk7mobile.com/prod/data/callingPlanView.do?refCode=PHONE&searchCallPlanType=PROD_LTE_TYPE_ALL&prodCd=PD00000136,LTE|통화편의|통화편의|개인정보보호,데이터중심2.2GB_LTE,음성통화는 기본 제공! 데이터는 원하는 만큼,2.2GB,2.2,,False,,,기본제공,RS,기본제공,,42900,,22.5,1.98,3.3,22.0,33.0,110.0,0.0,,,,
PD00000137,PHONE,PROD_LTE_TYPE_ALL,4,https://www.sk7mobile.com/prod/data/callingPlanView.do?refCode=PHONE&searchCallPlanType=PROD_LTE_TYPE_ALL&prodCd=PD00000137,LTE|통화편의|통화편의|개인정보보호,데이터중심3.5GB_LTE,음성통화는 기본 제공! 데이터는 원하는 만큼,3.5GB,3.5,,False,,,기본제공,RS,기본제공,,48400,,22.5,1.98,3.3,22.0,33.0,110.0,0.0,,,,
PD00000138,PHONE,PROD_LTE_TYPE_ALL,4,https://www.sk7mobile.com/prod/data/callingPlanView.do?refCode=PHONE&searchCallPlanType=PROD_LTE_TYPE_ALL&prodCd=PD00000138,LTE|통화편의|통화편의|개인정보보호,데이터중심6.5GB_LTE,,6.5GB,6.5,,False,,,기본제공,RS,기본제공,,52800,,22.5,1.98,3.3,22.0,33.0,110.0,0.0,,,,
PD00000142,PHONE,PROD_LTE_TYPE_ALL,4,https://www.sk7mobile.com/prod/data/callingPlanView.do?refCode=PHONE&searchCallPlanType=PROD_LTE_TYPE_ALL&prodCd=PD00000142,3G|통화편의|통화편의|개인정보보호,데이터중심11GB_3G,음성통화는 기본 제공! 데이터는 빵빵!,11GB,11.0,,False,,,기본제공,RS,기본제공,,62700,,22.5,1.98,3.3,22.0,33.0,110.0,0.0,,,,
PD00000145,PHONE,PROD_LTE_TYPE_ALL,4,https://www.sk7mobile.com/prod/data/callingPlanView.do?refCode=PHONE&searchCallPlanType=PROD_LTE_TYPE_ALL&prodCd=PD00000145,LTE|통화편의|통화편의|개인정보보호,데이터중심11GB_LTE,,11GB,11.0,,False,,,기본제공,RS,기본제공,,62700,,22.5,1.98,3.3,22.0,33.0,110.0,0.0,,,,
PD00000209,PHONE,PROD_LTE_TYPE_ALL,4,https://www.sk7mobile.com/prod/data/callingPlanView.do?refCode=PHONE&searchCallPlanType=PROD_LTE_TYPE_ALL&prodCd=PD00000209,LTE|통화편의|통화편의|개인정보보호,LTE 온라인 500MB,실속있는 온라인 요금제,500MB,,,False,,,30분,RM,0건,0,11000,,22.5,1.98,3.3,22.0,33.0,33.0,110.0,,,,
PD00000210,PHONE,PROD_LTE_TYPE_ALL,4,https://www.sk7mobile.com/prod/data/callingPlanView.do?refCode=PHONE&searchCallPlanType=PROD_LTE_TYPE_ALL&prodCd=PD00000210,LTE|통화편의|통화편의|개인정보보호,LTE 온라인 1GB,실속있는 온라인 요금제,1GB,1.0,,False,,,50분,RM,0건,0,16500,,22.5,1.98,3.3,22.0,33.0,33.0,110.0,,,,
PD00000211,PHONE,PROD_LTE_TYPE_ALL,4,https://www.sk7mobile.com/prod/data/callingPlanView.do?refCode=PHONE&searchCallPlanType=PROD_LTE_TYPE_ALL&prodCd=PD00000211,LTE|통화편의|통화편의|개인정보보호,LTE 온라인 2GB,실속있는 온라인 요금제,2GB,2.0,,False,,,80분,RM,50건,50,22000,,22.5,1.98,3.3,22.0,33.0,33.0,110.0,,,,
PD00000212,PHONE,PROD_LTE_TYPE_ALL,4,https://www.sk7mobile.com/prod/data/callingPlanView.do?refCode=PHONE&searchCallPlanType=PROD_LTE_TYPE_ALL&prodCd=PD00000212,LTE|통화편의|통화편의|개인정보보호,LTE 온라인 3GB,실속있는 온라인 요금제,3GB,3.0,,False,,,120분,RM,50건,50,27500,,22.5,1.98,3.3,22.0,33.0,33.0,110.0,,,,
PD00000213,PHONE,PROD_LTE_TYPE_ALL,4,https://www.sk7mobile.com/prod/data/callingPlanView.do?refCode=PHONE&searchCallPlanType=PROD_LTE_TYPE_ALL&prodCd=PD00000213,3G|통화편의|통화편의|개인정보보호,공부 Level 1,,,,,False,,,,,,,17600,,22.5,1.98,3.3,22.0,33.0,110.0,0.0,,,,
PD00000214,PHONE,PROD_LTE_TYPE_ALL,4,https://www.sk7mobile.com/prod/data/callingPlanView.do?refCode=PHONE&searchCallPlanType=PROD_LTE_TYPE_ALL&prodCd=PD00000214,3G|통화편의|통화편의|개인정보보호,공부 Level 2,,,,,False,,,,,,,23100,,22.5,1.98,3.3,22.0,33.0,33.0,110.0,,,,
PD00000215,PHONE,PROD_LTE_TYPE_ALL,4,https://www.sk7mobile.com/prod/data/callingPlanView.do?refCode=PHONE&searchCallPlanType=PROD_LTE_TYPE_ALL&prodCd=PD00000215,3G|통화편의|통화편의|개인정보보호,공부 Level 3,수험생 등 데이터를 차단하고 미니멀 라이프를 추구하는 고객을 위한 특화 요금제,,,,False,,,,,,,28600,,22.5,1.98,3.3,22.0,33.0,110.0,0.0,,,,
PD00000217,PHONE,PROD_LTE_TYPE_ALL,4,https://www.sk7mobile.com/prod/data/callingPlanView.do?refCode=PHONE&searchCallPlanType=PROD_LTE_TYPE_ALL&prodCd=PD00000217,3G|통화편의|통화편의|개인정보보호,3G 착한 음성,실속있는 온라인 요금제,200MB,,,False,,,90분,RM,0건,0,16500,,22.5,1.98,3.3,22.0,33.0,110.0,0.0,,,,
PD00000223,PHONE,PROD_LTE_TYPE_ALL,4,https://www.sk7mobile.com/prod/data/callingPlanView.do?refCode=PHONE&searchCallPlanType=PROD_LTE_TYPE_ALL&prodCd=PD00000223,LTE|통화편의|통화편의|개인정보보호,LTE 공부 Level 1,,,,,False,,,,,,,23100,,22.5,1.98,3.3,22.0,33.0,110.0,0.0,,,,
PD00000224,PHONE,PROD_LTE_TYPE_ALL,4,https://www.sk7mobile.com/prod/data/callingPlanView.do?refCode=PHONE&searchCallPlanType=PROD_LTE_TYPE_ALL&prodCd=PD00000224,LTE|추천|통화편의|통화편의|개인정보보호,LTE 공부 Level 2,,,,,False,,,,,,,28600,,22.5,1.98,3.3,22.0,33.0,110.0,0.0,,,,
PD00000225,PHONE,PROD_LTE_TYPE_ALL,4,https://www.sk7mobile.com/prod/data/callingPlanView.do?refCode=PHONE&searchCallPlanType=PROD_LTE_TYPE_ALL&prodCd=PD00000225,LTE|통화편의|통화편의|개인정보보호,LTE 온라인 4.5GB,실속있는 온라인 요금제,4.5GB,4.5,,False,,,150분,RM,50건,50,33000,,22.5,1.98,3.3,22.0,33.0,33.0,110.0,,,,
PD00000226,PHONE,PROD_LTE_TYPE_ALL,4,https://www.sk7mobile.com/prod/data/callingPlanView.do?refCode=PHONE&searchCallPlanType=PROD_LTE_TYPE_ALL&prodCd=PD00000226,LTE|추천|통화편의|통화편의|개인정보보호,LTE 온라인 6GB,실속있는 온라인 요금제,6GB,6.0,,False,,,150분,RM,50건,50,38500,,22.5,1.98,3.3,22.0,33.0,33.0,110.0,,,,
PD00000227,PHONE,PROD_LTE_TYPE_ALL,4,https://www.sk7mobile.com/prod/data/callingPlanView.do?refCode=PHONE&searchCallPlanType=PROD_LTE_TYPE_ALL&prodCd=PD00000227,LTE|통화편의|통화편의|개인정보보호,LTE 온라인 음성 S6,부담없는 LTE요금제를 찾는 분들께 추천드립니다,1GB,1.0,,False,,,240분,RM,50건,50,26400,,22.5,1.98,3.3,22.0,33.0,33.0,110.0,,,,
PD00000228,PHONE,PROD_LTE_TYPE_ALL,4,https://www.sk7mobile.com/prod/data/callingPlanView.do?refCode=PHONE&searchCallPlanType=PROD_LTE_TYPE_ALL&prodCd=PD00000228,LTE|통화편의|통화편의|개인정보보호,LTE 온라인 음성 S5,부담없는 LTE요금제를 찾는 분들께 추천드립니다,500MB,,,False,,,180분,RM,50건,50,23100,,22.5,1.98,3.3,22.0,33.0,33.0,110.0,,,,
PD00000229,PHONE,PROD_LTE_TYPE_ALL,4,https://www.sk7mobile.com/prod/data/callingPlanView.do?refCode=PHONE&searchCallPlanType=PROD_LTE_TYPE_ALL&prodCd=PD00000229,LTE|통화편의|통화편의|개인정보보호,LTE 온라인 음성 S4,부담없는 LTE요금제를 찾는 분들께 추천드립니다,300MB,,,False,,,150분,RM,50건,50,19800,,22.5,1.98,3.3,22.0,33.0,33.0,110.0,,,,
PD00000230,PHONE,PROD_LTE_TYPE_ALL,4,https://www.sk7mobile.com/prod/data/callingPlanView.do?refCode=PHONE&searchCallPlanType=PROD_LTE_TYPE_ALL&prodCd=PD00000230,LTE|추천|통화편의|통화편의|개인정보보호,LTE 온라인 음성 S3,부담없는 LTE요금제를 찾는 분들께 추천드립니다,300MB,,,False,,,120분,RM,50건,50,16500,,22.5,1.98,3.3,22.0,33.0,33.0,110.0,,,,
PD00000231,PHONE,PROD_LTE_TYPE_ALL,4,https://www.sk7mobile.com/prod/data/callingPlanView.do?refCode=PHONE&searchCallPlanType=PROD_LTE_TYPE_ALL&prodCd=PD00000231,LTE|추천|통화편의|통화편의|개인정보보호,LTE 온라인 음성 S2,부담없는 LTE요금제를 찾는 분들께 추천드립니다,100MB,,,False,,,90분,RM,50건,50,13200,,22.5,1.98,3.3,22.0,33.0,33.0,110.0,,,,
PD00000232,PHONE,PROD_LTE_TYPE_ALL,4,https://www.sk7mobile.com/prod/data/callingPlanView.do?refCode=PHONE&searchCallPlanType=PROD_LTE_TYPE_ALL&prodCd=PD00000232,LTE|통화편의|통화편의|개인정보보호,LTE 온라인 음성 S1,부담없는 LTE요금제를 찾는 분들께 추천드립니다,100MB,,,False,,,60분,RM,50건,50,9900,,22.5,1.98,3.3,22.0,33.0,33.0,110.0,,,,
PD00000233,PHONE,PROD_LTE_TYPE_ALL,4,https://www.sk7mobile.com/prod/data/callingPlanView.do?refCode=PHONE&searchCallPlanType=PROD_LTE_TYPE_ALL&prodCd=PD00000233,3G|통화편의|통화편의|개인정보보호,3G 온라인 음성 S6,부담없는 3G요금제를 찾는 분들께 추천드립니다,1GB,1.0,,False,,,240분,RM,50건,50,26400,,22.5,1.98,3.3,22.0,33.0,33.0,110.0,,,,
PD00000234,PHONE,PROD_LTE_TYPE_ALL,4,https://www.sk7mobile.com/prod/data/callingPlanView.do?refCode=PHONE&searchCallPlanType=PROD_LTE_TYPE_ALL&prodCd=PD00000234,3G|통화편의|통화편의|개인정보보호,3G 온라인 음성 S5,부담없는 3G요금제를 찾는 분들께 추천드립니다,500MB,,,False,,,180분,RM,50건,50,23100,,22.5,1.98,3.3,22.0,33.0,33.0,110.0,,,,
PD00000235,PHONE,PROD_LTE_TYPE_ALL,4,https://www.sk7mobile.com/prod/data/callingPlanView.do?refCode=PHONE&searchCallPlanType=PROD_LTE_TYPE_ALL&prodCd=PD00000235,3G|추천|통화편의|통화편의|개인정보보호,3G 온라인 음성 S4,부담없는 3G요금제를 찾는 분들께 추천드립니다,300MB,,,False,,,150분,RM,50건,50,19800,,22.5,1.98,3.3,22.0,33.0,33.0,110.0,,,,
PD00000236,PHONE,PROD_LTE_TYPE_ALL,4,https://www.sk7mobile.com/prod/data/callingPlanView.do?refCode=PHONE&searchCallPlanType=PROD_LTE_TYPE_ALL&prodCd=PD00000236,3G|통화편의|통화편의|개인정보보호,3G 온라인 음성 S3,부담없는 3G요금제를 찾는 분들께 추천드립니다,300MB,,,False,,,120분,RM,50건,50,16500,,22.5,1.98,3.3,22.0,33.0,33.0,110.0,,,,
PD00000237,PHONE,PROD_LTE_TYPE_ALL,4,https://www.sk7mobile.com/prod/data/callingPlanView.do?refCode=PHONE&searchCallPlanType=PROD_LTE_TYPE_ALL&prodCd=PD00000237,3G|추천|통화편의|통화편의|개인정보보호,3G 온라인 음성 S2,부담없는 3G요금제를 찾는 분들께 추천드립니다,100MB,,,False,,,90분,RM,50건,50,13200,,22.5,1.98,3.3,22.0,33.0,33.0,110.0,,,,
PD00000238,PHONE,PROD_LTE_TYPE_ALL,4,https://www.sk7mobile.com/prod/data/callingPlanView.do?refCode=PHONE&searchCallPlanType=PROD_LTE_TYPE_ALL&prodCd=PD00000238,3G|통화편의|통화편의|개인정보보호,3G 온라인 음성 S1,부담없는 3G요금제를 찾는 분들께 추천드립니다,100MB,,,False,,,60분,RM,50건,50,9900,,22.5,1.98,3.3,22.0,33.0,33.0,110.0,,,,
PD00000239,PHONE,PROD_LTE_TYPE_ALL,4,https://www.sk7mobile.com/prod/data/callingPlanView.do?refCode=PHONE&searchCallPlanType=PROD_LTE_TYPE_ALL&prodCd=PD00000239,LTE|추천|통화편의|통화편의|개인정보보호,LTE 온라인 데이터 S6,부담없는 LTE요금제를 찾는 분들께 추천드립니다,5GB,5.0,,False,,,100분,RM,0건,0,31900,,22.5,1.98,3.3,22.0,3.0,33.0,110.0,,,,
PD00000240,PHONE,PROD_LTE_TYPE_ALL,4,https://www.sk7mobile.com/prod/data/callingPlanView.do?refCode=PHONE&searchCallPlanType=PROD_LTE_TYPE_ALL&prodCd=PD00000240,LTE|추천|통화편의|통화편의|개인정보보호,LTE 온라인 데이터 S5,부담없는 LTE요금제를 찾는 분들께 추천드립니다,4GB,4.0,,False,,,100분,RM,0건,0,28600,,22.5,1.98,3.3,22.0,33.0,33.0,110.0,,,,
PD00000241,PHONE,PROD_LTE_TYPE_ALL,4,https://www.sk7mobile.com/prod/data/callingPlanView.do?refCode=PHONE&searchCallPlanType=PROD_LTE_TYPE_ALL&prodCd=PD00000241,LTE|통화편의|통화편의|개인정보보호,LTE 온라인 데이터 S4,부담없는 LTE요금제를 찾는 분들께 추천드립니다,3GB,3.0,,False,,,80분,RM,0건,0,25300,,22.5,1.98,3.3,22.0,33.0,33.0,110.0,,,,
PD00000242,PHONE,PROD_LTE_TYPE_ALL,4,https://www.sk7mobile.com/prod/data/callingPlanView.do?refCode=PHONE&searchCallPlanType=PROD_LTE_TYPE_ALL&prodCd=PD00000242,LTE|통화편의|통화편의|개인정보보호,LTE 온라인 데이터 S3,부담없는 LTE요금제를 찾는 분들께 추천드립니다,2GB,2.0,,False,,,80분,RM,0건,0,20900,,22.5,1.98,3.3,22.0,33.0,33.0,110.0,,,,
PD00000243,PHONE,PROD_LTE_TYPE_ALL,4,https://www.sk7mobile.com/prod/data/callingPlanView.do?refCode=PHONE&searchCallPlanType=PROD_LTE_TYPE_ALL&prodCd=PD00000243,LTE|통화편의|통화편의|개인정보보호,LTE 온라인 데이터 S2,부담없는 LTE요금제를 찾는 분들께 추천드립니다,1GB,1.0,,False,,,60분,RM,0건,0,17600,,22.5,1.98,3.3,22.0,33.0,33.0,110.0,,,,
PD00000244,PHONE,PROD_LTE_TYPE_ALL,4,https://www.sk7mobile.com/prod/data/callingPlanView.do?refCode=PHONE&searchCallPlanType=PROD_LTE_TYPE_ALL&prodCd=PD00000244,LTE|통화편의|통화편의|개인정보보호,LTE 온라인 데이터 S1,음성보다 데이터 위주로 사용하시는 분들께 추천드립니다,500MB,,,False,,,60분,RM,0건,0,14300,,22.5,1.98,3.3,22.0,33.0,33.0,110.0,,,,
PD00000266,PHONE,PROD_LTE_TYPE_ALL,4,https://www.sk7mobile.com/prod/data/callingPlanView.do?refCode=PHONE&searchCallPlanType=PROD_LTE_TYPE_ALL&prodCd=PD00000266,LTE|통화편의|통화편의|개인정보보호,LTE 효신 Level 1,효도의 신 전용 요금제,100MB,,,False,,,120분,RM,500건,500,19800,,22.5,1.98,3.3,22.0,33.0,33.0,110.0,,,,
PD00000267,PHONE,PROD_LTE_TYPE_ALL,4,https://www.sk7mobile.com/prod/data/callingPlanView.do?refCode=PHONE&searchCallPlanType=PROD_LTE_TYPE_ALL&prodCd=PD00000267,LTE|통화편의|통화편의|개인정보보호,LTE 효신 Level 2,효도의 신 전용 요금제,100MB,,,False,,,150분,RM,750건,750,23100,,22.5,1.98,3.3,22.0,33.0,33.0,110.0,,,,
PD00000269,PHONE,PROD_LTE_TYPE_ALL,4,https://www.sk7mobile.com/prod/data/callingPlanView.do?refCode=PHONE&searchCallPlanType=PROD_LTE_TYPE_ALL&prodCd=PD00000269,LTE|통화편의|통화편의|개인정보보호,LTE 하이 공부 Level 1,,0MB,,,False,,,55분,RM,1250건,1250,23100,,22.5,1.98,3.3,22.0,33.0,33.0,110.0,,,,
PD00000270,PHONE,PROD_LTE_TYPE_ALL,4,https://www.sk7mobile.com/prod/data/callingPlanView.do?refCode=PHONE&searchCallPlanType=PROD_LTE_TYPE_ALL&prodCd=PD00000270,LTE|통화편의|통화편의|개인정보보호,LTE 하이 공부 Level 2,,0MB,,,False,,,85분,RM,1850건,1850,28600,,22.5,1.98,3.3,22.0,33.0,33.0,110.0,,,,
PD00000281,PHONE,PROD_LTE_TYPE_ALL,4,https://www.sk7mobile.com/prod/data/callingPlanView.do?refCode=PHONE&searchCallPlanType=PROD_LTE_TYPE_ALL&prodCd=PD00000281,LTE|통화편의|통화편의|개인정보보호,LTE 어르신 1,"휴대폰 사용량(통화, 문자, 데이터)이 아주 적은 어르신께 알맞은 요금제",100MB,,,False,,,30분,RM,30건,30,6490,,22.5,1.98,3.3,22.0,33.0,33.0,110.0,,,,
PD00000282,PHONE,PROD_LTE_TYPE_ALL,4,https://www.sk7mobile.com/prod/data/callingPlanView.do?refCode=PHONE&searchCallPlanType=PROD_LTE_TYPE_ALL&prodCd=PD00000282,LTE|통화편의|통화편의|개인정보보호,LTE 어르신 2,"휴대폰 사용량(통화, 문자, 데이터)이 적은 어르신께 알맞은 요금제",300MB,,,False,,,100분,RM,100건,100,11000,,22.5,1.98,3.3,22.0,33.0,33.0,110.0,,,,
PD00000283,PHONE,PROD_LTE_TYPE_ALL,4,https://www.sk7mobile.com/prod/data/callingPlanView.do?refCode=PHONE&searchCallPlanType=PROD_LTE_TYPE_ALL&prodCd=PD00000283,LTE|추천|통화편의|통화편의|개인정보보호,LTE 어르신 3,"통화, 문자는 무제한, 데이터는 500MB로 제공되는 무제한 어르신 요금제",500MB,,,False,,,기본제공,RS,기본제공,,16500,,22.5,1.98,3.3,22.0,33.0,33.0,110.0,,,,
PD00000288,PHONE,PROD_LTE_TYPE_ALL,4,https://www.sk7mobile.com/prod/data/callingPlanView.do?refCode=PHONE&searchCallPlanType=PROD_LTE_TYPE_ALL&prodCd=PD00000288,LTE|프로모션 할인|추천|통화편의|통화편의|개인정보보호,wavve (11GB+/통화맘껏),,11GB,11.0,2,True,추가제공일 2GB+ 최대 3Mbps무제한!,3.0,기본제공,RS,기본제공,,66000,57200,22.5,1.98,3.3,22.0,33.0,33.0,110.0,,,,
PD00000289,PHONE,PROD_LTE_TYPE_ALL,4,https://www.sk7mobile.com/prod/data/callingPlanView.do?refCode=PHONE&searchCallPlanType=PROD_LTE_TYPE_ALL&prodCd=PD00000289,LTE|프로모션 할인|통화편의|통화편의|개인정보보호,wavve 5GB,만원대로 드라마/영화/실시간 야구까지 무제한 다시보기!,5GB,5.0,,False,,,100분,RM,100건,100,46200,35200,22.5,1.98,3.3,22.0,33.0,33.0,110.0,,,,
PD00000321,PHONE,PROD_LTE_TYPE_ALL,4,https://www.sk7mobile.com/prod/data/callingPlanView.do?refCode=PHONE&searchCallPlanType=PROD_LTE_TYPE_ALL&prodCd=PD00000321,5G|추천|통화편의|통화편의|개인정보보호,5G (200GB+),,200GB,200.0,,True,,,기본제공,RS,기본제공,,71500,,22.5,1.98,3.3,22.0,33.0,33.0,110.0,,,,
PD00000322,PHONE,PROD_LTE_TYPE_ALL,4,https://www.sk7mobile.com/prod/data/callingPlanView.do?refCode=PHONE&searchCallPlanType=PROD_LTE_TYPE_ALL&prodCd=PD00000322,5G|추천|통화편의|통화편의|개인정보보호,5G (15GB+),,15GB,15.0,,True,,,기본제공,RS,기본제공,,49500,,22.5,1.98,3.3,22.0,33.0,33.0,110.0,,,,
PD00000333,PHONE,PROD_LTE_TYPE_ALL,4,https://www.sk7mobile.com/prod/data/callingPlanView.do?refCode=PHONE&searchCallPlanType=PROD_LTE_TYPE_ALL&prodCd=PD00000333,LTE|프로모션 할인|통화편의|통화편의|개인정보보호,LTE 베이직,,100MB,,,False,,,기본제공,RS,100건,100,22000,16500,22.5,1.98,3.3,22.0,33.0,33.0,110.0,,,,
PD00000362,PHONE,PROD_LTE_TYPE_ALL,4,https://www.sk7mobile.com/prod/data/callingPlanView.do?refCode=PHONE&searchCallPlanType=PROD_LTE_TYPE_ALL&prodCd=PD00000362,5G|프로모션 할인|추천|통화편의|통화편의|개인정보보호,5G 온라인 (9GB/1000분),,9GB,9.0,,False,,,1000분,RM,100건,100,50600,36300,22.5,1.98,3.3,22.0,33.0,33.0,110.0,,,,
PD00000363,PHONE,PROD_LTE_TYPE_ALL,4,https://www.sk7mobile.com/prod/data/callingPlanView.do?refCode=PHONE&searchCallPlanType=PROD_LTE_TYPE_ALL&prodCd=PD00000363,5G|프로모션 할인|추천|통화편의|통화편의|개인정보보호,5G 온라인 (6GB/1000분),,6GB,6.0,,False,,,1000분,RM,100건,100,45100,30800,22.5,1.98,3.3,22.0,33.0,33.0,110.0,,,,
PD00000364,PHONE,PROD_LTE_TYPE_ALL,4,https://www.sk7mobile.com/prod/data/callingPlanView.do?refCode=PHONE&searchCallPlanType=PROD_LTE_TYPE_ALL&prodCd=PD00000364,5G|프로모션 할인|추천|통화편의|통화편의|개인정보보호|개인정보보호,5G 온라인 (3GB/1000분),,3GB,3.0,,False,,,1000분,RM,100건,100,39600,25300,22.5,1.98,3.3,22.0,33.0,33.0,110.0,,,,
PD00000365,PHONE,PROD_LTE_TYPE_ALL,4,https://www.sk7mobile.com/prod/data/callingPlanView.do?refCode=PHONE&searchCallPlanType=PROD_LTE_TYPE_ALL&prodCd=PD00000365,5G|프로모션 할인|추천|통화편의|통화편의|개인정보보호,5G 온라인 (2GB/100분),,2GB,2.0,,False,,,100분,RM,100건,100,34100,19800,22.5,1.98,3.3,22.0,33.0,33.0,110.0,,,,
PD00000366,PHONE,PROD_LTE_TYPE_ALL,4,https://www.sk7mobile.com/prod/data/callingPlanView.do?refCode=PHONE&searchCallPlanType=PROD_LTE_TYPE_ALL&prodCd=PD00000366,5G|프로모션 할인|통화편의|통화편의|개인정보보호,5G 온라인 (1GB/100분),,1GB,1.0,,False,,,100분,RM,100건,100,28600,17600,22.5,1.98,3.3,22.0,33.0,33.0,110.0,,,,
PD00000410,PHONE,PROD_LTE_TYPE_ALL,4,https://www.sk7mobile.com/prod/data/callingPlanView.do?refCode=PHONE&searchCallPlanType=PROD_LTE_TYPE_ALL&prodCd=PD00000410,5G|프로모션 할인|통화편의|통화편의|개인정보보호,5G 온라인 (500MB/100분),,500MB,,,False,,,100분,RM,100건,100,24200,13200,22.5,1.98,3.3,22.0,33.0,33.0,110.0,,,,
PD00000411,PHONE,PROD_LTE_TYPE_ALL,4,https://www.sk7mobile.com/prod/data/callingPlanView.do?refCode=PHONE&searchCallPlanType=PROD_LTE_TYPE_ALL&prodCd=PD00000411,LTE|통화편의|통화편의|개인정보보호,LTE 복지 음성 (1GB/240분),복지 대상 고객님만을 위한 전용 요금제,1GB,1.0,,False,,,240분,RM,50건,50,20020,,22.5,1.98,3.3,22.0,33.0,33.0,110.0,,,,
PD00000412,PHONE,PROD_LTE_TYPE_ALL,4,https://www.sk7mobile.com/prod/data/callingPlanView.do?refCode=PHONE&searchCallPlanType=PROD_LTE_TYPE_ALL&prodCd=PD00000412,LTE|통화편의|통화편의|개인정보보호,LTE 복지 데이터 (5GB/100분),복지 대상 고객님만을 위한 전용 요금제,5GB,5.0,,False,,,100분,RM,0건,0,24420,,22.5,1.98,3.3,22.0,33.0,33.0,110.0,,,,
PC0RB00373,USIM,PROD_USIM_TYPE_ALL,4,https://www.sk7mobile.com/prod/data/callingPlanView.do?refCode=USIM&searchCallPlanType=PROD_USIM_TYPE_ALL&prodCd=PC0RB00373,5G|프로모션 할인,5G 유심 (3GB/1000분),5G  휴대폰과 이용해보세요.,3GB,3.0,,False,,,1000분,RM,100건,100,24200,7900,22.5,1.98,3.3,22.0,33.0,33.0,110.0,,,,
PC0RB00427,USIM,PROD_USIM_TYPE_ALL,4,https://www.sk7mobile.com/prod/data/callingPlanView.do?refCode=USIM&searchCallPlanType=PROD_USIM_TYPE_ALL&prodCd=PC0RB00427,LTE|프로모션 할인,FLO 유심 (11GB+/통화맘껏),"데이터, 통화 무제한은 기본! FLO도 무제한으로 이용하세요",11GB,11.0,2,True,추가제공일 2GB+ 최대 3Mbps무제한!,3.0,기본제공,RS,기본제공,,55660,39300,22.5,1.98,3.3,22.0,33.0,33.0,110.0,,,,
PC0RB00463,USIM,PROD_USIM_TYPE_ALL,4,https://www.sk7mobile.com/prod/data/callingPlanView.do?refCode=USIM&searchCallPlanType=PROD_USIM_TYPE_ALL&prodCd=PC0RB00463,LTE|프로모션 할인|통화편의|개인정보보호,LTE 유심 (15GB+/300분),합리적인 속도로 데이터 무제한을 알뜰하게 이용하고 싶다면?,15GB,15.0,,True,소진 시최대 3Mbps무제한!,3.0,300분,RM,300건,300,49500,28600,22.5,1.98,3.3,22.0,33.0,33.0,110.0,,,,
PC0RB00464,USIM,PROD_USIM_TYPE_ALL,4,https://www.sk7mobile.com/prod/data/callingPlanView.do?refCode=USIM&searchCallPlanType=PROD_USIM_TYPE_ALL&prodCd=PC0RB00464,LTE|프로모션 할인|통화편의|통화편의|개인정보보호,LTE 유심 (10GB+/통화맘껏),기본제공량 소진 후에도 최대 1Mbps로 쭉~ 안심하고 쓰는 무제한 요금제,10GB,10.0,,True,소진 시최대 1Mbps무제한!,1.0,기본제공,RS,기본제공,,50600,20000,22.5,1.98,3.3,22.0,33.0,33.0,110.0,,,,
PC0RB00465,USIM,PROD_USIM_TYPE_ALL,4,https://www.sk7mobile.com/prod/data/callingPlanView.do?refCode=USIM&searchCallPlanType=PROD_USIM_TYPE_ALL&prodCd=PC0RB00465,5G|프로모션 할인|추천,5G 유심 (99GB+/통화맘껏),5G  휴대폰과 이용해보세요,99GB,99.0,,True,"소진 시,최대 1Mbps무제한!",1.0,기본제공,RS,기본제공,,57200,44000,22.5,1.98,3.3,22.0,33.0,33.0,110.0,,,,
PC0RB00466,USIM,PROD_USIM_TYPE_ALL,4,https://www.sk7mobile.com/prod/data/callingPlanView.do?refCode=USIM&searchCallPlanType=PROD_USIM_TYPE_ALL&prodCd=PC0RB00466,5G|프로모션 할인,5G 유심 (74GB+/통화맘껏),5G  휴대폰과 이용해보세요,74GB,74.0,,True,"소진 시,최대 1Mbps무제한!",1.0,기본제공,RS,기본제공,,55000,42900,22.5,1.98,3.3,22.0,33.0,33.0,110.0,,,,
PC0RB00467,USIM,PROD_USIM_TYPE_ALL,4,https://www.sk7mobile.com/prod/data/callingPlanView.do?refCode=USIM&searchCallPlanType=PROD_USIM_TYPE_ALL&prodCd=PC0RB00467,5G|프로모션 할인,5G 유심 (54GB+/통화맘껏),5G  휴대폰과 이용해보세요,54GB,54.0,,True,"소진 시,최대 1Mbps무제한!",1.0,기본제공,RS,기본제공,,52800,41800,22.5,1.98,3.3,22.0,33.0,33.0,110.0,,,,
PC0RB00478,USIM,PROD_USIM_TYPE_ALL,4,https://www.sk7mobile.com/prod/data/callingPlanView.do?refCode=USIM&searchCallPlanType=PROD_USIM_TYPE_ALL&prodCd=PC0RB00478,LTE|프로모션 할인,번개 유심 (1GB+/통화맘껏),번개장터에서 현금처럼 사용가능한 번개포인트 무료제공!,1GB,1.0,,True,소진 시최대 1Mbps무제한!,1.0,기본제공,RS,기본제공,,33000,11000,22.5,1.98,3.3,22.0,33.0,33.0,110.0,,,,
PC0RB00481,USIM,PROD_USIM_TYPE_ALL,4,https://www.sk7mobile.com/prod/data/callingPlanView.do?refCode=USIM&searchCallPlanType=PROD_USIM_TYPE_ALL&prodCd=PC0RB00481,LTE|프로모션 할인|통화편의|개인정보보호|통화편의,번개 유심 (10GB+/통화맘껏),기본제공량 소진 후에도 최대 1Mbps로 쭉~ 안심하고 쓰는 무제한 요금제,10GB,10.0,,True,소진 시최대 1Mbps무제한!,1.0,기본제공,RS,기본제공,,50600,20000,22.5,1.98,3.3,22.0,33.0,33.0,110.0,,,,
PC0RB00483,USIM,PROD_USIM_TYPE_ALL,4,https://www.sk7mobile.com/prod/data/callingPlanView.do?refCode=USIM&searchCallPlanType=PROD_USIM_TYPE_ALL&prodCd=PC0RB00483,LTE|프로모션 할인,10% 포인트 (10GB+/통화맘껏),매월 네이버페이 포인트가 10%씩 적립,10GB,10.0,,True,소진 시최대 1Mbps무제한!,1.0,기본제공,RS,기본제공,,52800,22000,22.5,1.98,3.3,22.0,33.0,33.0,110.0,,,,
PC0RB00488,USIM,PROD_USIM_TYPE_ALL,4,https://www.sk7mobile.com/prod/data/callingPlanView.do?refCode=USIM&searchCallPlanType=PROD_USIM_TYPE_ALL&prodCd=PC0RB00488,LTE|프로모션 할인,[셀프] LTE 유심 (2GB/2000분),카톡보다는 통화량이 많은 분들에게 강력추천,2GB,2.0,,False,,,2000분,RM,2000건,2000,27500,5500,22.5,1.98,3.3,22.0,33.0,33.0,110.0,,,,
PC0RB00489,USIM,PROD_USIM_TYPE_ALL,4,https://www.sk7mobile.com/prod/data/callingPlanView.do?refCode=USIM&searchCallPlanType=PROD_USIM_TYPE_ALL&prodCd=PC0RB00489,LTE|프로모션 할인,[셀프] LTE 유심 (4GB/2000분),카톡보다는 통화량이 많은 분들에게 강력추천,4GB,4.0,,False,,,2000분,RM,2000건,2000,33000,6600,22.5,1.98,3.3,22.0,33.0,33.0,110.0,,,,
PC0RB00490,USIM,PROD_USIM_TYPE_ALL,4,https://www.sk7mobile.com/prod/data/callingPlanView.do?refCode=USIM&searchCallPlanType=PROD_USIM_TYPE_ALL&prodCd=PC0RB00490,LTE|프로모션 할인,[셀프] LTE 유심 (6GB/2000분),카톡보다는 통화량이 많은 분들에게 강력추천,6GB,6.0,,False,,,2000분,RM,2000건,2000,38500,8800,22.5,1.98,3.3,22.0,33.0,33.0,110.0,,,,
PC0RB00491,USIM,PROD_USIM_TYPE_ALL,4,https://www.sk7mobile.com/prod/data/callingPlanView.do?refCode=USIM&searchCallPlanType=PROD_USIM_TYPE_ALL&prodCd=PC0RB00491,LTE|프로모션 할인,[셀프] LTE 유심 (10GB/2000분),카톡보다는 통화량이 많은 분들에게 강력추천,10GB,10.0,,False,,,2000분,RM,2000건,2000,41800,11900,22.5,1.98,3.3,22.0,33.0,33.0,110.0,,,,
PC0RB00492,USIM,PROD_USIM_TYPE_ALL,4,https://www.sk7mobile.com/prod/data/callingPlanView.do?refCode=USIM&searchCallPlanType=PROD_USIM_TYPE_ALL&prodCd=PC0RB00492,LTE|프로모션 할인|통화편의|통화편의|개인정보보호,[셀프] LTE 유심 (11GB+),쓰던 휴대폰에 유심만 바꾸면 데이터/음성/문자 싹.다. 무제한!,11GB,11.0,2,True,추가제공일 2GB+ 최대 3Mbps무제한!,3.0,기본제공,RS,기본제공,,49060,33000,22.5,1.98,3.3,22.0,33.0,33.0,110.0,,,,
PC0RB00493,USIM,PROD_USIM_TYPE_ALL,4,https://www.sk7mobile.com/prod/data/callingPlanView.do?refCode=USIM&searchCallPlanType=PROD_USIM_TYPE_ALL&prodCd=PC0RB00493,LTE|프로모션 할인,[셀프] LTE 유심 (7GB+),합리적인 속도로 데이터 무제한을 알뜰하게 이용하고 싶다면?,7GB,7.0,,True,소진 시최대 1Mbps무제한!,1.0,기본제공,RS,기본제공,,48400,16900,22.5,1.98,3.3,22.0,33.0,33.0,110.0,,,,
PC0RB00494,USIM,PROD_USIM_TYPE_ALL,4,https://www.sk7mobile.com/prod/data/callingPlanView.do?refCode=USIM&searchCallPlanType=PROD_USIM_TYPE_ALL&prodCd=PC0RB00494,LTE|프로모션 할인|개인정보보호|통화편의|통화편의,[셀프] LTE 유심 (15GB+/100분),합리적인 속도로 데이터 무제한을 알뜰하게 이용하고 싶다면?,15GB,15.0,,True,소진 시최대 3Mbps무제한!,3.0,100분,RM,100건,100,47300,24200,22.5,1.98,3.3,22.0,33.0,33.0,110.0,,,,
PC0RB00496,USIM,PROD_USIM_TYPE_ALL,4,https://www.sk7mobile.com/prod/data/callingPlanView.do?refCode=USIM&searchCallPlanType=PROD_USIM_TYPE_ALL&prodCd=PC0RB00496,LTE|프로모션 할인|개인정보보호|통화편의|통화편의,[셀프] LTE 유심 (15GB+/300분),합리적인 속도로 데이터 무제한을 알뜰하게 이용하고 싶다면?,15GB,15.0,,True,소진 시최대 3Mbps무제한!,3.0,300분,RM,300건,300,49500,27500,22.5,1.98,3.3,22.0,33.0,33.0,110.0,,,,
PC0RB00497,USIM,PROD_USIM_TYPE_ALL,4,https://www.sk7mobile.com/prod/data/callingPlanView.do?refCode=USIM&searchCallPlanType=PROD_USIM_TYPE_ALL&prodCd=PC0RB00497,LTE|프로모션 할인|개인정보보호|통화편의|통화편의,[셀프] LTE 유심 (100GB+),100GB 소진 후에도 최대 5Mbps로 끊김없이~ 진짜 무제한!,100GB,100.0,,True,"소진 시,최대 5Mbps무제한!",5.0,기본제공,RS,기본제공,,55000,40900,22.5,1.98,3.3,22.0,33.0,33.0,110.0,,,,
PC0RB00498,USIM,PROD_USIM_TYPE_ALL,4,https://www.sk7mobile.com/prod/data/callingPlanView.do?refCode=USIM&searchCallPlanType=PROD_USIM_TYPE_ALL&prodCd=PC0RB00498,LTE|프로모션 할인,[셀프] LTE 유심 (8GB/2000분),카톡보다는 통화량이 많은 분들에게 강력추천,8GB,8.0,,False,,,2000분,RM,2000건,2000,40700,11000,22.5,1.98,3.3,22.0,33.0,33.0,110.0,,,,
PC0RB00499,USIM,PROD_USIM_TYPE_ALL,4,https://www.sk7mobile.com/prod/data/callingPlanView.do?refCode=USIM&searchCallPlanType=PROD_USIM_TYPE_ALL&prodCd=PC0RB00499,LTE|프로모션 할인,LTE 유심 (8GB/2000분),카톡보다는 통화량이 많은 분들에게 강력추천,8GB,8.0,,False,,,2000분,RM,2000건,2000,40700,12100,22.5,1.98,3.3,22.0,33.0,33.0,110.0,,,,
PC0RB00500,USIM,PROD_USIM_TYPE_ALL,4,https://www.sk7mobile.com/prod/data/callingPlanView.do?refCode=USIM&searchCallPlanType=PROD_USIM_TYPE_ALL&prodCd=PC0RB00500,LTE|프로모션 할인,[셀프] LTE 유심 (1GB+),합리적인 속도로 데이터 무제한을 알뜰하게 이용하고 싶다면?,1GB,1.0,,True,소진 시최대 1Mbps무제한!,1.0,기본제공,RS,기본제공,,33000,9920,22.5,1.98,3.3,22.0,33.0,33.0,110.0,,,,
PC0RB00501,USIM,PROD_USIM_TYPE_ALL,4,https://www.sk7mobile.com/prod/data/callingPlanView.do?refCode=USIM&searchCallPlanType=PROD_USIM_TYPE_ALL&prodCd=PC0RB00501,LTE|프로모션 할인,[셀프] LTE 유심 (10GB+),합리적인 속도로 데이터 무제한을 알뜰하게 이용하고 싶다면?,10GB,10.0,,True,소진 시최대 1Mbps무제한!,1.0,기본제공,RS,기본제공,,50600,18900,22.5,1.98,3.3,22.0,33.0,33.0,110.0,,,,
PC0RB00502,USIM,PROD_USIM_TYPE_ALL,4,https://www.sk7mobile.com/prod/data/callingPlanView.do?refCode=USIM&searchCallPlanType=PROD_USIM_TYPE_ALL&prodCd=PC0RB00502,LTE|프로모션 할인,LTE 안심차단 (5GB/1000분),통화는 넉넉하게 데이터 추가 요금도 걱정없는 안심 요금제,5GB,5.0,,False,소진 시데이터 이용차단,,1000분,RM,1000건,1000,33000,9900,22.5,1.98,3.3,22.0,33.0,33.0,110.0,,,,
PC0RB00503,USIM,PROD_USIM_TYPE_ALL,4,https://www.sk7mobile.com/prod/data/callingPlanView.do?refCode=USIM&searchCallPlanType=PROD_USIM_TYPE_ALL&prodCd=PC0RB00503,LTE|프로모션 할인,LTE 안심차단 (3GB/1000분),통화는 넉넉하게 데이터 추가 요금도 걱정없는 안심 요금제,3GB,3.0,,False,소진 시데이터 이용차단,,1000분,RM,1000건,1000,27500,7700,22.5,1.98,3.3,22.0,33.0,33.0,110.0,,,,
PC0RB00504,USIM,PROD_USIM_TYPE_ALL,4,https://www.sk7mobile.com/prod/data/callingPlanView.do?refCode=USIM&searchCallPlanType=PROD_USIM_TYPE_ALL&prodCd=PC0RB00504,LTE|프로모션 할인|추천,LTE 안심차단 (1GB/1000분),통화는 넉넉하게 데이터 추가 요금도 걱정없는 안심 요금제,1GB,1.0,,False,소진 시데이터 이용차단,,1000분,RM,1000건,1000,19800,5500,22.5,1.98,3.3,22.0,33.0,33.0,110.0,,,,
PC0RB00506,USIM,PROD_USIM_TYPE_ALL,4,https://www.sk7mobile.com/prod/data/callingPlanView.do?refCode=USIM&searchCallPlanType=PROD_USIM_TYPE_ALL&prodCd=PC0RB00506,LTE|프로모션 할인,LTE 유심 (25GB/300분),합리적인 요금으로 데이터는 더 든든하게!,25GB,25.0,,False,,,300분,RM,100건,100,47300,23100,22.5,1.98,3.3,22.0,33.0,33.0,110.0,,,,
PC0RB00507,USIM,PROD_USIM_TYPE_ALL,4,https://www.sk7mobile.com/prod/data/callingPlanView.do?refCode=USIM&searchCallPlanType=PROD_USIM_TYPE_ALL&prodCd=PC0RB00507,LTE|프로모션 할인|추천,LTE 유심 (25GB/200분),합리적인 요금으로 데이터는 더 든든하게!,25GB,25.0,,False,,,200분,RM,100건,100,46200,22000,22.5,1.98,3.3,22.0,33.0,33.0,110.0,,,,
PC0RB00508,USIM,PROD_USIM_TYPE_ALL,4,https://www.sk7mobile.com/prod/data/callingPlanView.do?refCode=USIM&searchCallPlanType=PROD_USIM_TYPE_ALL&prodCd=PC0RB00508,LTE|프로모션 할인|추천,LTE 유심 (25GB/100분),합리적인 요금으로 데이터는 더 든든하게!,25GB,25.0,,False,,,100분,RM,100건,100,45100,20900,22.5,1.98,3.3,22.0,33.0,33.0,110.0,,,,
PC0RB00509,USIM,PROD_USIM_TYPE_ALL,4,https://www.sk7mobile.com/prod/data/callingPlanView.do?refCode=USIM&searchCallPlanType=PROD_USIM_TYPE_ALL&prodCd=PC0RB00509,LTE|프로모션 할인,LTE 유심 (15GB/300분),합리적인 요금으로 데이터는 더 든든하게!,15GB,15.0,,False,,,300분,RM,100건,100,44000,13530,22.5,1.98,3.3,22.0,33.0,33.0,110.0,,,,
PC0RB00510,USIM,PROD_USIM_TYPE_ALL,4,https://www.sk7mobile.com/prod/data/callingPlanView.do?refCode=USIM&searchCallPlanType=PROD_USIM_TYPE_ALL&prodCd=PC0RB00510,LTE|프로모션 할인,LTE 유심 (15GB/200분),합리적인 요금으로 데이터는 더 든든하게!,15GB,15.0,,False,,,200분,RM,100건,100,42900,13200,22.5,1.98,3.3,22.0,33.0,33.0,110.0,,,,
PC0RB00511,USIM,PROD_USIM_TYPE_ALL,4,https://www.sk7mobile.com/prod/data/callingPlanView.do?refCode=USIM&searchCallPlanType=PROD_USIM_TYPE_ALL&prodCd=PC0RB00511,LTE|프로모션 할인|추천,LTE 유심 (15GB/100분),합리적인 요금으로 데이터는 더 든든하게!,15GB,15.0,,False,,,100분,RM,100건,100,41800,12900,22.5,1.98,3.3,22.0,33.0,33.0,110.0,,,,
PC0RB00522,USIM,PROD_USIM_TYPE_ALL,4,https://www.sk7mobile.com/prod/data/callingPlanView.do?refCode=USIM&searchCallPlanType=PROD_USIM_TYPE_ALL&prodCd=PC0RB00522,LTE|프로모션 할인,[Online] 5G CMLink (24GB+),하나의 SIM 카드로 중국&한국 번호를 동시에 이용할 수 있는 외국인 전용 요금제,24GB,24.0,,True,"소진 시,최대 1Mbps무제한!",1.0,기본제공,RS,기본제공,,53900,44550,22.5,1.98,3.3,22.0,33.0,33.0,110.0,,,,
PC0RB00523,USIM,PROD_USIM_TYPE_ALL,4,https://www.sk7mobile.com/prod/data/callingPlanView.do?refCode=USIM&searchCallPlanType=PROD_USIM_TYPE_ALL&prodCd=PC0RB00523,LTE|프로모션 할인,[Online] 5G CMLink (110GB+),하나의 SIM 카드로 중국&한국 번호를 동시에 이용할 수 있는 외국인 전용 요금제,110GB,110.0,,True,"소진 시,최대 5Mbps무제한!",5.0,기본제공,RS,기본제공,,64900,50600,22.5,1.98,3.3,22.0,33.0,33.0,110.0,,,,
PC0RB00526,USIM,PROD_USIM_TYPE_ALL,4,https://www.sk7mobile.com/prod/data/callingPlanView.do?refCode=USIM&searchCallPlanType=PROD_USIM_TYPE_ALL&prodCd=PC0RB00526,LTE|프로모션 할인,[Online] CMLink (1GB+),하나의 SIM 카드로 중국&한국 번호를 동시에 이용할 수 있는 외국인 전용 요금제,1GB,1.0,,True,소진 시최대 1Mbps무제한!,1.0,기본제공,RS,기본제공,,38500,18400,22.5,1.98,3.3,22.0,33.0,33.0,110.0,,,,
PC0RB00527,USIM,PROD_USIM_TYPE_ALL,4,https://www.sk7mobile.com/prod/data/callingPlanView.do?refCode=USIM&searchCallPlanType=PROD_USIM_TYPE_ALL&prodCd=PC0RB00527,LTE|프로모션 할인,[Online] CMLink (7GB+),하나의 SIM 카드로 중국&한국 번호를 동시에 이용할 수 있는 외국인 전용 요금제,7GB,7.0,,True,소진 시최대 1Mbps무제한!,1.0,기본제공,RS,기본제공,,53900,24200,22.5,1.98,3.3,22.0,33.0,33.0,110.0,,,,
PC0RB00528,USIM,PROD_USIM_TYPE_ALL,4,https://www.sk7mobile.com/prod/data/callingPlanView.do?refCode=USIM&searchCallPlanType=PROD_USIM_TYPE_ALL&prodCd=PC0RB00528,LTE|프로모션 할인,[Online] CMLink (10GB+),하나의 SIM 카드로 중국&한국 번호를 동시에 이용할 수 있는 외국인 전용 요금제,10GB,10.0,,True,소진 시최대 1Mbps무제한!,1.0,기본제공,RS,기본제공,,56100,24700,22.5,1.98,3.3,22.0,33.0,33.0,110.0,,,,
PC0RB00529,USIM,PROD_USIM_TYPE_ALL,4,https://www.sk7mobile.com/prod/data/callingPlanView.do?refCode=USIM&searchCallPlanType=PROD_USIM_TYPE_ALL&prodCd=PC0RB00529,LTE|프로모션 할인,[Online] CMLink (15GB+),하나의 SIM 카드로 중국&한국 번호를 동시에 이용할 수 있는 외국인 전용 요금제,15GB,15.0,,True,소진 시최대 3Mbps무제한!,3.0,100분,RM,100건건,100,52800,30800,22.5,1.98,3.3,22.0,33.0,33.0,110.0,,,,
PC0RB00530,USIM,PROD_USIM_TYPE_ALL,4,https://www.sk7mobile.com/prod/data/callingPlanView.do?refCode=USIM&searchCallPlanType=PROD_USIM_TYPE_ALL&prodCd=PC0RB00530,LTE|프로모션 할인,[Online] CMLink (11GB+),하나의 SIM 카드로 중국&한국 번호를 동시에 이용할 수 있는 외국인 전용 요금제,11GB,11.0,2,True,추가제공일 2GB+ 최대 3Mbps무제한!,3.0,기본제공,RS,기본제공,,54560,41200,22.5,1.98,3.3,22.0,33.0,33.0,110.0,,,,
PC0RB00531,USIM,PROD_USIM_TYPE_ALL,4,https://www.sk7mobile.com/prod/data/callingPlanView.do?refCode=USIM&searchCallPlanType=PROD_USIM_TYPE_ALL&prodCd=PC0RB00531,LTE|프로모션 할인,[Online] CMLink (100GB+),하나의 SIM 카드로 중국&한국 번호를 동시에 이용할 수 있는 외국인 전용 요금제,100GB,100.0,,True,"소진 시,최대 5Mbps무제한!",5.0,기본제공,RS,기본제공,,60500,47850,22.5,1.98,3.3,22.0,33.0,33.0,110.0,,,,
PC0RB00532,USIM,PROD_USIM_TYPE_ALL,4,https://www.sk7mobile.com/prod/data/callingPlanView.do?refCode=USIM&searchCallPlanType=PROD_USIM_TYPE_ALL&prodCd=PC0RB00532,LTE|프로모션 할인,롯데시네마 (7GB+/통화맘껏),"데이터, 통화 무제한에 롯데시네마도 무제한급 혜택으로 이용해보세요",7GB,7.0,,True,소진 시최대 1Mbps무제한!,1.0,기본제공,RS,기본제공,,50600,21600,22.5,1.98,3.3,22.0,33.0,33.0,110.0,,,,
PC0RB00533,USIM,PROD_USIM_TYPE_ALL,4,https://www.sk7mobile.com/prod/data/callingPlanView.do?refCode=USIM&searchCallPlanType=PROD_USIM_TYPE_ALL&prodCd=PC0RB00533,LTE|프로모션 할인,롯데시네마 (11GB+/통화맘껏),"데이터, 통화 무제한에 롯데시네마도 무제한급 혜택으로 이용해보세요",11GB,11.0,2,True,추가제공일 2GB+ 최대 3Mbps무제한!,3.0,기본제공,RS,기본제공,,51260,37600,22.5,1.98,3.3,22.0,33.0,33.0,110.0,,,,
PC0RB00540,USIM,PROD_USIM_TYPE_ALL,4,https://www.sk7mobile.com/prod/data/callingPlanView.do?refCode=USIM&searchCallPlanType=PROD_USIM_TYPE_ALL&prodCd=PC0RB00540,LTE|프로모션 할인,LTE 안심 (15GB+/1000분),통화는 넉넉하게 데이터 추가 요금도 걱정없는 안심 요금제,15GB,15.0,,True,소진 시최대 400Kbps무제한!,,1000분,RM,1000건,1000,47300,20570,22.5,1.98,3.3,22.0,33.0,33.0,110.0,,,,
PC0RB00541,USIM,PROD_USIM_TYPE_ALL,4,https://www.sk7mobile.com/prod/data/callingPlanView.do?refCode=USIM&searchCallPlanType=PROD_USIM_TYPE_ALL&prodCd=PC0RB00541,LTE|프로모션 할인,LTE 유심 (15GB/2000분),카톡보다는 통화량이 많은 분들에게 강력추천,15GB,15.0,,False,,,2000분,RM,2000건,2000,45100,15000,22.5,1.98,3.3,22.0,33.0,33.0,110.0,,,,
PC0RB00542,USIM,PROD_USIM_TYPE_ALL,4,https://www.sk7mobile.com/prod/data/callingPlanView.do?refCode=USIM&searchCallPlanType=PROD_USIM_TYPE_ALL&prodCd=PC0RB00542,LTE|프로모션 할인,[셀프] LTE 유심 (15GB/2000분),카톡보다는 통화량이 많은 분들에게 강력추천,15GB,15.0,,False,,,2000분,RM,2000건,2000,45100,13900,22.5,1.98,3.3,22.0,33.0,33.0,110.0,,,,
PC0RB00545,USIM,PROD_USIM_TYPE_ALL,4,https://www.sk7mobile.com/prod/data/callingPlanView.do?refCode=USIM&searchCallPlanType=PROD_USIM_TYPE_ALL&prodCd=PC0RB00545,LTE|프로모션 할인|추천,LTE 유심 (8GB/100분),"꼭 필요한 통화만 한다면, 1만원대 알뜰 요금제로!",8GB,8.0,,False,,,100분,RM,100건,100,30800,8900,22.5,1.98,3.3,22.0,33.0,33.0,110.0,,,,
PC0RB00546,USIM,PROD_USIM_TYPE_ALL,4,https://www.sk7mobile.com/prod/data/callingPlanView.do?refCode=USIM&searchCallPlanType=PROD_USIM_TYPE_ALL&prodCd=PC0RB00546,LTE|프로모션 할인,LTE 안심차단 (30GB/1000분),통화는 넉넉하게 데이터 추가 요금도 걱정없는 안심 요금제,30GB,30.0,,False,소진 시데이터 이용차단,,1000분,RM,1000건,1000,47300,30250,22.5,1.98,3.3,22.0,33.0,33.0,110.0,,,,
PC0RB00547,USIM,PROD_USIM_TYPE_ALL,4,https://www.sk7mobile.com/prod/data/callingPlanView.do?refCode=USIM&searchCallPlanType=PROD_USIM_TYPE_ALL&prodCd=PC0RB00547,LTE|프로모션 할인,LTE 안심차단 (20GB/1000분),통화는 넉넉하게 데이터 추가 요금도 걱정없는 안심 요금제,20GB,20.0,,False,소진 시데이터 이용차단,,1000분,RM,1000건,1000,44000,20900,22.5,1.98,3.3,22.0,33.0,33.0,110.0,,,,
PC0RB00548,USIM,PROD_USIM_TYPE_ALL,4,https://www.sk7mobile.com/prod/data/callingPlanView.do?refCode=USIM&searchCallPlanType=PROD_USIM_TYPE_ALL&prodCd=PC0RB00548,LTE|프로모션 할인,폰케어팩 (10GB+/통화맘껏),휴대폰 파손 보상부터 개인정보 보호까지 안심 케어,10GB,10.0,,True,소진 시최대 1Mbps무제한!,1.0,기본제공,RS,기본제공,,50600,20000,22.5,1.98,3.3,22.0,33.0,33.0,110.0,,,,
PC0RB00549,USIM,PROD_USIM_TYPE_ALL,4,https://www.sk7mobile.com/prod/data/callingPlanView.do?refCode=USIM&searchCallPlanType=PROD_USIM_TYPE_ALL&prodCd=PC0RB00549,LTE|프로모션 할인,폰케어팩 (100GB+/통화맘껏),휴대폰 파손 보상부터 개인정보 보호까지 안심 케어,100GB,100.0,,True,소진 시최대 5Mbps무제한!,5.0,기본제공,RS,기본제공,,56100,42000,22.5,1.98,3.3,22.0,33.0,33.0,110.0,,,,
PC0RB00550,USIM,PROD_USIM_TYPE_ALL,4,https://www.sk7mobile.com/prod/data/callingPlanView.do?refCode=USIM&searchCallPlanType=PROD_USIM_TYPE_ALL&prodCd=PC0RB00550,LTE|프로모션 할인,폰케어팩 (7GB+/통화맘껏),휴대폰 파손 보상부터 개인정보 보호까지 안심 케어,7GB,7.0,,True,소진 시최대 1Mbps무제한!,1.0,기본제공,RS,기본제공,,49500,18000,22.5,1.98,3.3,22.0,33.0,33.0,110.0,,,,
PC0RB00551,USIM,PROD_USIM_TYPE_ALL,4,https://www.sk7mobile.com/prod/data/callingPlanView.do?refCode=USIM&searchCallPlanType=PROD_USIM_TYPE_ALL&prodCd=PC0RB00551,LTE|프로모션 할인,폰케어팩 (11GB+/통화맘껏),휴대폰 파손 보상부터 개인정보 보호까지 안심 케어,11GB,11.0,2,True,추가제공일 2GB+ 최대 3Mbps무제한!,3.0,기본제공,RS,기본제공,,50160,34100,22.5,1.98,3.3,22.0,33.0,33.0,110.0,,,,
PC0RB00552,USIM,PROD_USIM_TYPE_ALL,4,https://www.sk7mobile.com/prod/data/callingPlanView.do?refCode=USIM&searchCallPlanType=PROD_USIM_TYPE_ALL&prodCd=PC0RB00552,5G|프로모션 할인,5G 유심 (20GB/1000분),5G  휴대폰과 이용해보세요.,20GB,20.0,,False,,,1000분,RM,100건,100,44000,24900,22.5,1.98,3.3,22.0,33.0,33.0,110.0,,,,
PC0RB00553,USIM,PROD_USIM_TYPE_ALL,4,https://www.sk7mobile.com/prod/data/callingPlanView.do?refCode=USIM&searchCallPlanType=PROD_USIM_TYPE_ALL&prodCd=PC0RB00553,5G|프로모션 할인,5G 유심 (15GB/1000분),5G  휴대폰과 이용해보세요.,15GB,15.0,,False,,,1000분,RM,100건,100,39600,20900,22.5,1.98,3.3,22.0,33.0,33.0,110.0,,,,
PC0RB00554,USIM,PROD_USIM_TYPE_ALL,4,https://www.sk7mobile.com/prod/data/callingPlanView.do?refCode=USIM&searchCallPlanType=PROD_USIM_TYPE_ALL&prodCd=PC0RB00554,5G|프로모션 할인,5G 유심 (10GB/200분),5G  휴대폰과 이용해보세요.,10GB,10.0,,False,,,200분,RM,100건,100,30800,11500,22.5,1.98,3.3,22.0,33.0,33.0,110.0,,,,
PC0RB00555,USIM,PROD_USIM_TYPE_ALL,4,https://www.sk7mobile.com/prod/data/callingPlanView.do?refCode=USIM&searchCallPlanType=PROD_USIM_TYPE_ALL&prodCd=PC0RB00555,5G|프로모션 할인,5G 유심 (6GB/200분),5G  휴대폰과 이용해보세요.,6GB,6.0,,False,,,200분,RM,100건,100,26400,9900,22.5,1.98,3.3,22.0,33.0,33.0,110.0,,,,
PC0RB00556,USIM,PROD_USIM_TYPE_ALL,4,https://www.sk7mobile.com/prod/data/callingPlanView.do?refCode=USIM&searchCallPlanType=PROD_USIM_TYPE_ALL&prodCd=PC0RB00556,5G|프로모션 할인,5G 유심 (3GB/200분),5G  휴대폰과 이용해보세요.,3GB,3.0,,False,,,200분,RM,100건,100,24200,7500,22.5,1.98,3.3,22.0,33.0,33.0,110.0,,,,
PC0RB00557,USIM,PROD_USIM_TYPE_ALL,4,https://www.sk7mobile.com/prod/data/callingPlanView.do?refCode=USIM&searchCallPlanType=PROD_USIM_TYPE_ALL&prodCd=PC0RB00557,5G|프로모션 할인,5G 유심 (37GB+/통화맘껏),5G  휴대폰과 이용해보세요,37GB,37.0,,True,"소진 시,최대 1Mbps무제한!",1.0,기본제공,RS,기본제공,,50600,40700,22.5,1.98,3.3,22.0,33.0,33.0,110.0,,,,
PC0RB00558,USIM,PROD_USIM_TYPE_ALL,4,https://www.sk7mobile.com/prod/data/callingPlanView.do?refCode=USIM&searchCallPlanType=PROD_USIM_TYPE_ALL&prodCd=PC0RB00558,5G|프로모션 할인,5G 유심 (8GB+/통화맘껏),5G  휴대폰과 이용해보세요,8GB,8.0,,True,"소진 시,최대 400Kbps무제한!",,기본제공,RS,기본제공,,37400,28600,22.5,1.98,3.3,22.0,33.0,33.0,110.0,,,,
PC0RB00559,USIM,PROD_USIM_TYPE_ALL,4,https://www.sk7mobile.com/prod/data/callingPlanView.do?refCode=USIM&searchCallPlanType=PROD_USIM_TYPE_ALL&prodCd=PC0RB00559,5G|프로모션 할인,5G 유심 (6GB+/통화맘껏),5G  휴대폰과 이용해보세요,6GB,6.0,,True,"소진 시,최대 400Kbps무제한!",,기본제공,RS,기본제공,,35200,25300,22.5,1.98,3.3,22.0,33.0,33.0,110.0,,,,
PC0RB00560,USIM,PROD_USIM_TYPE_ALL,4,https://www.sk7mobile.com/prod/data/callingPlanView.do?refCode=USIM&searchCallPlanType=PROD_USIM_TYPE_ALL&prodCd=PC0RB00560,LTE|프로모션 할인,LTE 유심 (20GB+/1000분),기본제공량 소진 후에도 최대 1Mbps로 쭉~ 안심하고 쓰는 무제한 요금제,20GB,20.0,,True,소진 시최대  1Mbps무제한!,1.0,1000분,RM,100건,100,48400,24750,22.5,1.98,3.3,22.0,33.0,33.0,110.0,,,,
PC0RB00561,USIM,PROD_USIM_TYPE_ALL,4,https://www.sk7mobile.com/prod/data/callingPlanView.do?refCode=USIM&searchCallPlanType=PROD_USIM_TYPE_ALL&prodCd=PC0RB00561,LTE|프로모션 할인,LTE 유심 (15GB+/1000분),기본제공량 소진 후에도 최대 1Mbps로 쭉~ 안심하고 쓰는 무제한 요금제,15GB,15.0,,True,소진 시최대  1Mbps무제한!,1.0,1000분,RM,100건,100,44000,21400,22.5,1.98,3.3,22.0,33.0,33.0,110.0,,,,
PC0RB00562,USIM,PROD_USIM_TYPE_ALL,4,https://www.sk7mobile.com/prod/data/callingPlanView.do?refCode=USIM&searchCallPlanType=PROD_USIM_TYPE_ALL&prodCd=PC0RB00562,LTE|프로모션 할인,LTE 유심 (10GB+/1000분),기본제공량 소진 후에도 최대 1Mbps로 쭉~ 안심하고 쓰는 무제한 요금제,10GB,10.0,,True,소진 시최대  1Mbps무제한!,1.0,1000분,RM,100건,100,39600,18900,22.5,1.98,3.3,22.0,33.0,33.0,110.0,,,,
PC0RB00563,USIM,PROD_USIM_TYPE_ALL,4,https://www.sk7mobile.com/prod/data/callingPlanView.do?refCode=USIM&searchCallPlanType=PROD_USIM_TYPE_ALL&prodCd=PC0RB00563,LTE|프로모션 할인,LTE 유심 (8GB+/1000분),기본제공량 소진 후에도 최대 1Mbps로 쭉~ 안심하고 쓰는 무제한 요금제,8GB,8.0,,True,소진 시최대  1Mbps무제한!,1.0,1000분,RM,100건,100,37400,16900,22.5,1.98,3.3,22.0,33.0,33.0,110.0,,,,
PC0RB00564,USIM,PROD_USIM_TYPE_ALL,4,https://www.sk7mobile.com/prod/data/callingPlanView.do?refCode=USIM&searchCallPlanType=PROD_USIM_TYPE_ALL&prodCd=PC0RB00564,LTE|프로모션 할인,LTE 유심 (6GB+/1000분),기본제공량 소진 후에도 최대 1Mbps로 쭉~ 안심하고 쓰는 무제한 요금제,6GB,6.0,,True,소진 시최대  1Mbps무제한!,1.0,1000분,RM,100건,100,35200,15400,22.5,1.98,3.3,22.0,33.0,33.0,110.0,,,,
PD00000121,USIM,PROD_USIM_TYPE_ALL,4,https://www.sk7mobile.com/prod/data/callingPlanView.do?refCode=USIM&searchCallPlanType=PROD_USIM_TYPE_ALL&prodCd=PD00000121,3G|통화편의|통화편의|개인정보보호,USIM 표준,쓰던 휴대폰 그대로 약정없이 저렴하게 이용하는 USIM 요금제,0MB,,,False,,,0분,RM,0건,0,5390,,44.0,1.98,3.3,22.0,33.0,110.0,110.0,,,,
PD00000174,USIM,PROD_USIM_TYPE_ALL,4,https://www.sk7mobile.com/prod/data/callingPlanView.do?refCode=USIM&searchCallPlanType=PROD_USIM_TYPE_ALL&prodCd=PD00000174,LTE|프로모션 할인|통화편의|통화편의|개인정보보호,LTE 유심 (11GB+/통화맘껏),쓰던 휴대폰에 유심만 바꾸면 데이터/음성/문자 싹.다. 무제한!,11GB,11.0,2,True,추가제공일 2GB+ 최대 3Mbps무제한!,3.0,기본제공,RS,기본제공,,49060,34100,22.5,1.98,3.3,22.0,33.0,33.0,110.0,,,,
PD00000284,USIM,PROD_USIM_TYPE_ALL,4,https://www.sk7mobile.com/prod/data/callingPlanView.do?refCode=USIM&searchCallPlanType=PROD_USIM_TYPE_ALL&prodCd=PD00000284,LTE|프로모션 할인|추천|통화편의|통화편의|개인정보보호,LTE 유심 (1GB/100분),만원도 안되는 초알뜰 요금제,1GB,1.0,,False,,,100분,RM,100건,100,14300,3900,22.5,1.98,3.3,22.0,33.0,33.0,110.0,,,,
PD00000285,USIM,PROD_USIM_TYPE_ALL,4,https://www.sk7mobile.com/prod/data/callingPlanView.do?refCode=USIM&searchCallPlanType=PROD_USIM_TYPE_ALL&prodCd=PD00000285,LTE|프로모션 할인|통화편의|통화편의|개인정보보호,LTE 유심 (3GB/100분),만원도 안되는 초알뜰 요금제,3GB,3.0,,False,,,100분,RM,100건,100,22000,4900,22.5,1.98,3.3,22.0,33.0,33.0,110.0,,,,
PD00000287,USIM,PROD_USIM_TYPE_ALL,4,https://www.sk7mobile.com/prod/data/callingPlanView.do?refCode=USIM&searchCallPlanType=PROD_USIM_TYPE_ALL&prodCd=PD00000287,LTE|프로모션 할인|통화편의|통화편의|개인정보보호,LTE 유심 (5GB/100분),"꼭 필요한 통화만 한다면, 1만원대 알뜰 요금제로!",5GB,5.0,,False,,,100분,RM,100건,100,27500,7900,22.5,1.98,3.3,22.0,33.0,33.0,110.0,,,,
PD00000290,USIM,PROD_USIM_TYPE_ALL,4,https://www.sk7mobile.com/prod/data/callingPlanView.do?refCode=USIM&searchCallPlanType=PROD_USIM_TYPE_ALL&prodCd=PD00000290,LTE|프로모션 할인|추천|통화편의|통화편의|개인정보보호,wavve 유심 (11GB+/통화맘껏),"유심만 갈아끼웠는데, 데이터도 무제한! 콘텐츠도 무제한!",11GB,11.0,2,True,추가제공일 2GB+최대 3Mbps무제한!,3.0,기본제공,RS,기본제공,,56100,40480,22.5,1.98,3.3,22.0,33.0,33.0,110.0,,,,
PD00000291,USIM,PROD_USIM_TYPE_ALL,4,https://www.sk7mobile.com/prod/data/callingPlanView.do?refCode=USIM&searchCallPlanType=PROD_USIM_TYPE_ALL&prodCd=PD00000291,LTE|프로모션 할인|통화편의|통화편의|개인정보보호,wavve 유심 5GB,만원대로 드라마/영화/실시간 야구까지 무제한 다시보기!,5GB,5.0,,False,,,100분,RM,100건,100,30800,19800,22.5,1.98,3.3,22.0,33.0,33.0,110.0,,,,
PD00000292,USIM,PROD_USIM_TYPE_ALL,4,https://www.sk7mobile.com/prod/data/callingPlanView.do?refCode=USIM&searchCallPlanType=PROD_USIM_TYPE_ALL&prodCd=PD00000292,LTE|프로모션 할인|통화편의|통화편의|개인정보보호,LTE 유심 (15GB+/100분),합리적인 속도로 데이터 무제한을 알뜰하게 이용하고 싶다면?,15GB,15.0,,True,소진 시최대 3Mbps무제한!,3.0,100분,RM,100건,100,47300,25300,22.5,1.98,3.3,22.0,33.0,33.0,110.0,,,,
PD00000296,USIM,PROD_USIM_TYPE_ALL,4,https://www.sk7mobile.com/prod/data/callingPlanView.do?refCode=USIM&searchCallPlanType=PROD_USIM_TYPE_ALL&prodCd=PD00000296,LTE|프로모션 할인|통화편의|통화편의|개인정보보호,LTE 유심 (100GB+/통화맘껏),100GB 소진 후에도 최대 5Mbps로 끊김없이~ 진짜 무제한!,100GB,100.0,,True,"소진 시,최대 5Mbps무제한!",5.0,기본제공,RS,기본제공,,55000,42000,22.5,1.98,3.3,22.0,22.0,33.0,110.0,,,,
PD00000308,USIM,PROD_USIM_TYPE_ALL,4,https://www.sk7mobile.com/prod/data/callingPlanView.do?refCode=USIM&searchCallPlanType=PROD_USIM_TYPE_ALL&prodCd=PD00000308,LTE|프로모션 할인|개인정보보호,번개유심 (11GB+/통화맘껏),번개장터에서 현금처럼 사용가능한 번개포인트 무료제공!,11GB,11.0,2,True,추가제공일 2GB+ 최대 3Mbps무제한!,3.0,기본제공,RS,기본제공,,49500,34100,22.5,1.98,3.3,22.0,33.0,33.0,110.0,,,,
PD00000312,USIM,PROD_USIM_TYPE_ALL,4,https://www.sk7mobile.com/prod/data/callingPlanView.do?refCode=USIM&searchCallPlanType=PROD_USIM_TYPE_ALL&prodCd=PD00000312,LTE|프로모션 할인|통화편의|통화편의|개인정보보호,번개 유심 15GB+,번개장터에서 현금처럼 사용가능한 번개포인트 무료제공!,15GB,15.0,,True,최대 3Mbps무제한!,3.0,100분,RM,100건,100,47300,25300,22.5,1.98,3.3,22.0,33.0,33.0,110.0,,,,
PD00000316,USIM,PROD_USIM_TYPE_ALL,4,https://www.sk7mobile.com/prod/data/callingPlanView.do?refCode=USIM&searchCallPlanType=PROD_USIM_TYPE_ALL&prodCd=PD00000316,5G|프로모션 할인|통화편의|통화편의|개인정보보호,5G 유심 (200GB+/통화맘껏),5G  휴대폰과 이용해보세요,200GB,200.0,,True,"소진 시,최대 5Mbps무제한!",5.0,기본제공,RS,기본제공,,66000,49500,22.5,1.98,3.3,22.0,33.0,33.0,110.0,,,,
PD00000317,USIM,PROD_USIM_TYPE_ALL,4,https://www.sk7mobile.com/prod/data/callingPlanView.do?refCode=USIM&searchCallPlanType=PROD_USIM_TYPE_ALL&prodCd=PD00000317,5G|프로모션 할인|통화편의|통화편의|개인정보보호,5G 유심 (15GB+/통화맘껏),5G  휴대폰과 이용해보세요,15GB,15.0,,True,"소진 시,최대 1Mbps무제한!",1.0,기본제공,RS,기본제공,,44000,35200,22.5,1.98,3.3,22.0,33.0,33.0,110.0,,,,
PD00000318,USIM,PROD_USIM_TYPE_ALL,4,https://www.sk7mobile.com/prod/data/callingPlanView.do?refCode=USIM&searchCallPlanType=PROD_USIM_TYPE_ALL&prodCd=PD00000318,LTE|프로모션 할인|추천|통화편의|통화편의|개인정보보호,LTE 유심 (2GB/2000분),카톡보다는 통화량이 많은 분들에게 강력추천,2GB,2.0,,False,,,2000분,RM,2000건,2000,27500,6600,22.5,1.98,3.3,22.0,33.0,33.0,110.0,,,,
PD00000319,USIM,PROD_USIM_TYPE_ALL,4,https://www.sk7mobile.com/prod/data/callingPlanView.do?refCode=USIM&searchCallPlanType=PROD_USIM_TYPE_ALL&prodCd=PD00000319,LTE|프로모션 할인|통화편의|통화편의|개인정보보호,LTE 유심 (4GB/2000분),카톡보다는 통화량이 많은 분들에게 강력추천,4GB,4.0,,False,,,2000분,RM,2000건,2000,33000,7700,22.5,1.98,3.3,22.0,33.0,33.0,110.0,,,,
PD00000320,USIM,PROD_USIM_TYPE_ALL,4,https://www.sk7mobile.com/prod/data/callingPlanView.do?refCode=USIM&searchCallPlanType=PROD_USIM_TYPE_ALL&prodCd=PD00000320,LTE|프로모션 할인|통화편의|통화편의|개인정보보호,LTE 유심 (6GB/2000분),카톡보다는 통화량이 많은 분들에게 강력추천,6GB,6.0,,False,,,2000분,RM,2000건,2000,38500,9900,22.5,1.98,3.3,22.0,33.0,33.0,110.0,,,,
PD00000324,USIM,PROD_USIM_TYPE_ALL,4,https://www.sk7mobile.com/prod/data/callingPlanView.do?refCode=USIM&searchCallPlanType=PROD_USIM_TYPE_ALL&prodCd=PD00000324,LTE|프로모션 할인|통화편의|통화편의|개인정보보호,LTE 유심 (1GB/200분),만원도 안되는 초알뜰 요금제,1GB,1.0,,False,,,200분,RM,100건,100,17600,4510,22.5,1.98,3.3,22.0,33.0,33.0,110.0,,,,
PD00000325,USIM,PROD_USIM_TYPE_ALL,4,https://www.sk7mobile.com/prod/data/callingPlanView.do?refCode=USIM&searchCallPlanType=PROD_USIM_TYPE_ALL&prodCd=PD00000325,LTE|프로모션 할인|통화편의|통화편의|개인정보보호,LTE 유심 (3GB/200분),만원도 안되는 초알뜰 요금제,3GB,3.0,,False,,,200분,RM,100건,100,24200,6900,22.5,1.98,3.3,22.0,33.0,33.0,110.0,,,,
PD00000329,USIM,PROD_USIM_TYPE_ALL,4,https://www.sk7mobile.com/prod/data/callingPlanView.do?refCode=USIM&searchCallPlanType=PROD_USIM_TYPE_ALL&prodCd=PD00000329,LTE|프로모션 할인|통화편의|통화편의|개인정보보호,번개 유심 (2GB/2000분),번개장터에서 현금처럼 사용가능한 번개포인트 무료제공!,2GB,2.0,,False,,,2000분,RM,2000건,2000,27500,6600,22.5,1.98,3.3,22.0,33.0,33.0,110.0,,,,
PD00000330,USIM,PROD_USIM_TYPE_ALL,4,https://www.sk7mobile.com/prod/data/callingPlanView.do?refCode=USIM&searchCallPlanType=PROD_USIM_TYPE_ALL&prodCd=PD00000330,LTE|프로모션 할인|통화편의|통화편의|개인정보보호,번개 유심 (4GB/2000분),번개장터에서 현금처럼 사용가능한 번개포인트 무료제공!,4GB,4.0,,False,,,2000분,RM,2000건,2000,33000,7700,22.5,1.98,3.3,22.0,33.0,33.0,110.0,,,,
PD00000331,USIM,PROD_USIM_TYPE_ALL,4,https://www.sk7mobile.com/prod/data/callingPlanView.do?refCode=USIM&searchCallPlanType=PROD_USIM_TYPE_ALL&prodCd=PD00000331,LTE|프로모션 할인|통화편의|통화편의|개인정보보호,번개 유심 (6GB/2000분),번개장터에서 현금처럼 사용가능한 번개포인트 무료제공!,6GB,6.0,,False,,,2000분,RM,2000건,2000,38500,9900,22.5,1.98,3.3,22.0,33.0,33.0,110.0,,,,
PD00000341,USIM,PROD_USIM_TYPE_ALL,4,https://www.sk7mobile.com/prod/data/callingPlanView.do?refCode=USIM&searchCallPlanType=PROD_USIM_TYPE_ALL&prodCd=PD00000341,LTE|프로모션 할인|추천|개인정보보호,LTE 유심 (500MB/100분),만원도 안되는 초알뜰 요금제,500MB,,,False,,,100분,RM,100건,100,9900,2900,22.5,1.98,3.3,22.0,33.0,33.0,110.0,,,,
PD00000347,USIM,PROD_USIM_TYPE_ALL,4,https://www.sk7mobile.com/prod/data/callingPlanView.do?refCode=USIM&searchCallPlanType=PROD_USIM_TYPE_ALL&prodCd=PD00000347,LTE|프로모션 할인|통화편의|통화편의|개인정보보호,10% 포인트 (6GB/200분),매월 네이버페이 포인트가 10%씩 적립,6GB,6.0,,False,,,200분,RM,100건,100,33550,11770,22.5,1.98,3.3,22.0,22.0,33.0,110.0,,,,
PD00000348,USIM,PROD_USIM_TYPE_ALL,4,https://www.sk7mobile.com/prod/data/callingPlanView.do?refCode=USIM&searchCallPlanType=PROD_USIM_TYPE_ALL&prodCd=PD00000348,LTE|프로모션 할인|통화편의|통화편의|개인정보보호,10% 포인트 (4GB/200분),매월 네이버페이 포인트가 10%씩 적립,4GB,4.0,,False,,,200분,RM,100건,100,28600,11220,22.5,1.98,3.3,22.0,33.0,33.0,110.0,,,,
PD00000349,USIM,PROD_USIM_TYPE_ALL,4,https://www.sk7mobile.com/prod/data/callingPlanView.do?refCode=USIM&searchCallPlanType=PROD_USIM_TYPE_ALL&prodCd=PD00000349,LTE|프로모션 할인|통화편의|통화편의|개인정보보호,10% 포인트 (2GB/200분),매월 네이버페이 포인트가 10%씩 적립,2GB,2.0,,False,,,200분,RM,100건,100,21450,7590,22.5,1.98,3.3,22.0,33.0,33.0,110.0,,,,
PD00000350,USIM,PROD_USIM_TYPE_ALL,4,https://www.sk7mobile.com/prod/data/callingPlanView.do?refCode=USIM&searchCallPlanType=PROD_USIM_TYPE_ALL&prodCd=PD00000350,LTE|프로모션 할인|통화편의|통화편의|개인정보보호,10% 포인트 (15GB+/100분),매월 네이버페이 포인트가 10%씩 적립,15GB,15.0,,True,소진 시최대 3Mbps무제한!,3.0,100분,RM,100건,100,49500,27500,22.5,1.98,3.3,22.0,33.0,33.0,110.0,,,,
PD00000351,USIM,PROD_USIM_TYPE_ALL,4,https://www.sk7mobile.com/prod/data/callingPlanView.do?refCode=USIM&searchCallPlanType=PROD_USIM_TYPE_ALL&prodCd=PD00000351,LTE|프로모션 할인|개인정보보호,10% 포인트 (11GB+/통화맘껏),매월 네이버페이 포인트가 10%씩 적립,11GB,11.0,2,True,추가제공일 2GB+최대 3Mbps무제한!,3.0,기본제공,RS,기본제공,,52800,37400,22.5,1.98,3.3,22.0,33.0,33.0,110.0,,,,
PD00000352,USIM,PROD_USIM_TYPE_ALL,4,https://www.sk7mobile.com/prod/data/callingPlanView.do?refCode=USIM&searchCallPlanType=PROD_USIM_TYPE_ALL&prodCd=PD00000352,LTE|프로모션 할인|통화편의|통화편의|개인정보보호,취향저격 편의생활 (15GB+/100분),"데이터 무제한에 매월 CU 5,000원 상품권까지",15GB,15.0,,True,소진 시최대 3Mbps무제한!,3.0,100분,RM,100건,100,49500,28600,22.5,1.98,3.3,22.0,33.0,33.0,110.0,,,,
PD00000353,USIM,PROD_USIM_TYPE_ALL,4,https://www.sk7mobile.com/prod/data/callingPlanView.do?refCode=USIM&searchCallPlanType=PROD_USIM_TYPE_ALL&prodCd=PD00000353,LTE|프로모션 할인|개인정보보호,취향저격 편의생활 (11GB+/통화맘껏),"데이터/음성/문자 무제한에 매월 CU 5,000원 상품권까지",11GB,11.0,2,True,추가제공일 2GB+최대  3Mbps무제한!,3.0,기본제공,RS,기본제공,,51480,39000,22.5,1.98,3.3,22.0,33.0,33.0,110.0,,,,
PD00000354,USIM,PROD_USIM_TYPE_ALL,4,https://www.sk7mobile.com/prod/data/callingPlanView.do?refCode=USIM&searchCallPlanType=PROD_USIM_TYPE_ALL&prodCd=PD00000354,LTE|프로모션 할인|통화편의|통화편의|개인정보보호,취향저격 카페타임 (15GB+/100분),"데이터 무제한에 매월 투썸플레이스 5,000원 상품권까지",15GB,15.0,,True,소진 시최대 3Mbps무제한!,3.0,100분,RM,100건,100,49500,28600,22.5,1.98,3.3,22.0,33.0,33.0,110.0,,,,
PD00000355,USIM,PROD_USIM_TYPE_ALL,4,https://www.sk7mobile.com/prod/data/callingPlanView.do?refCode=USIM&searchCallPlanType=PROD_USIM_TYPE_ALL&prodCd=PD00000355,LTE|프로모션 할인|개인정보보호,취향저격 카페타임 (11GB+/통화맘껏),"데이터/음성/문자 무제한에 매월 투썸플레이스 5,000원 상품권까지",11GB,11.0,2,True,추가제공일 2GB+최대 3Mbps무제한!,3.0,기본제공,RS,기본제공,,51480,39000,22.5,1.98,3.3,22.0,33.0,33.0,110.0,,,,
PD00000356,USIM,PROD_USIM_TYPE_ALL,4,https://www.sk7mobile.com/prod/data/callingPlanView.do?refCode=USIM&searchCallPlanType=PROD_USIM_TYPE_ALL&prodCd=PD00000356,LTE|프로모션 할인|통화편의|통화편의|개인정보보호,취향저격 베이커리 (15GB+/100분),"데이터 무제한에 매월 파리바게트 5,000원 상품권까지",15GB,15.0,,True,소진 시최대 3Mbps무제한!,3.0,100분,RM,100건,100,49500,28600,22.5,1.98,3.3,22.0,33.0,33.0,110.0,,,,
PD00000357,USIM,PROD_USIM_TYPE_ALL,4,https://www.sk7mobile.com/prod/data/callingPlanView.do?refCode=USIM&searchCallPlanType=PROD_USIM_TYPE_ALL&prodCd=PD00000357,LTE|프로모션 할인|개인정보보호,취향저격 베이커리 (11GB+/통화맘껏),"데이터/음성/문자 무제한에 매월 파리바게트 5,000원 상품권까지",11GB,11.0,2,True,추가제공일 2GB+ 최대 3Mbps무제한!,3.0,기본제공,RS,기본제공,,51480,39000,22.5,1.98,3.3,22.0,33.0,33.0,110.0,,,,
PD00000358,USIM,PROD_USIM_TYPE_ALL,4,https://www.sk7mobile.com/prod/data/callingPlanView.do?refCode=USIM&searchCallPlanType=PROD_USIM_TYPE_ALL&prodCd=PD00000358,LTE|프로모션 할인|통화편의|통화편의|개인정보보호,취향저격 딜리버리 (15GB+/100분),"데이터 무제한에 매월 쿠팡이츠 5,000원 상품권까지",15GB,15.0,,True,소진 시최대 3Mbps무제한!,3.0,100분,RM,100건,100,49500,28600,22.5,1.98,3.3,22.0,33.0,33.0,110.0,,,,
PD00000359,USIM,PROD_USIM_TYPE_ALL,4,https://www.sk7mobile.com/prod/data/callingPlanView.do?refCode=USIM&searchCallPlanType=PROD_USIM_TYPE_ALL&prodCd=PD00000359,LTE|프로모션 할인|통화편의|통화편의|개인정보보호,취향저격 딜리버리 (11GB+/통화맘껏),"데이터/음성/문자 무제한에 매월 쿠팡이츠 5,000원 상품권까지",11GB,11.0,2,True,추가제공일 2GB+ 최대 3Mbps무제한!,3.0,기본제공,RS,기본제공,,51480,39000,22.5,1.98,3.3,22.0,22.0,33.0,110.0,,,,
PD00000369,USIM,PROD_USIM_TYPE_ALL,4,https://www.sk7mobile.com/prod/data/callingPlanView.do?refCode=USIM&searchCallPlanType=PROD_USIM_TYPE_ALL&prodCd=PD00000369,LTE|프로모션 할인|개인정보보호,취향저격 아슈크림 (11GB+/통화맘껏),"데이터/음성/문자 무제한에 매월 배스킨라빈스 5,000원 상품권까지",11GB,11.0,2,True,추가제공일 2GB+ 최대 3Mbps무제한!,3.0,기본제공,RS,기본제공,,51480,39000,22.5,1.98,3.3,22.0,33.0,33.0,110.0,,,,
PD00000370,USIM,PROD_USIM_TYPE_ALL,4,https://www.sk7mobile.com/prod/data/callingPlanView.do?refCode=USIM&searchCallPlanType=PROD_USIM_TYPE_ALL&prodCd=PD00000370,LTE|프로모션 할인|통화편의|통화편의|개인정보보호,취향저격 아슈크림 (15GB+/100분),"데이터/음성/문자 무제한에 매월 배스킨라빈스 5,000원 상품권까지",15GB,15.0,,True,소진 시최대 3Mbps무제한!,3.0,100분,RM,100건,100,49500,28600,22.5,1.98,3.3,22.0,33.0,33.0,110.0,,,,
PD00000375,USIM,PROD_USIM_TYPE_ALL,4,https://www.sk7mobile.com/prod/data/callingPlanView.do?refCode=USIM&searchCallPlanType=PROD_USIM_TYPE_ALL&prodCd=PD00000375,5G|프로모션 할인|통화편의|통화편의|개인정보보호,5G 유심 (9GB/1000분),5G  휴대폰과 이용해보세요.,9GB,9.0,,False,,,1000분,RM,100건,100,37400,12650,22.5,1.98,3.3,22.0,33.0,33.0,110.0,,,,
PD00000376,USIM,PROD_USIM_TYPE_ALL,4,https://www.sk7mobile.com/prod/data/callingPlanView.do?refCode=USIM&searchCallPlanType=PROD_USIM_TYPE_ALL&prodCd=PD00000376,5G|프로모션 할인|통화편의|통화편의|개인정보보호,5G 유심 (7GB/1000분),5G  휴대폰과 이용해보세요.,7GB,7.0,,False,,,1000분,RM,100건,100,33000,11440,22.5,1.98,3.3,22.0,33.0,33.0,110.0,,,,
PD00000377,USIM,PROD_USIM_TYPE_ALL,4,https://www.sk7mobile.com/prod/data/callingPlanView.do?refCode=USIM&searchCallPlanType=PROD_USIM_TYPE_ALL&prodCd=PD00000377,5G|프로모션 할인|통화편의|통화편의|개인정보보호,5G 유심 (5GB/1000분),5G  휴대폰과 이용해보세요.,5GB,5.0,,False,,,1000분,RM,100건,100,28600,10670,22.5,1.98,3.3,22.0,33.0,33.0,110.0,,,,
PD00000378,USIM,PROD_USIM_TYPE_ALL,4,https://www.sk7mobile.com/prod/data/callingPlanView.do?refCode=USIM&searchCallPlanType=PROD_USIM_TYPE_ALL&prodCd=PD00000378,LTE|프로모션 할인|통화편의|통화편의|개인정보보호,LTE 유심 (7GB+/통화맘껏),기본제공량 소진 후에도 최대 1Mbps로 쭉~ 안심하고 쓰는 무제한 요금제,7GB,7.0,,True,소진 시최대 1Mbps무제한!,1.0,기본제공,RS,기본제공,,48400,18000,22.5,1.98,3.3,22.0,33.0,33.0,110.0,,,,
PD00000379,USIM,PROD_USIM_TYPE_ALL,4,https://www.sk7mobile.com/prod/data/callingPlanView.do?refCode=USIM&searchCallPlanType=PROD_USIM_TYPE_ALL&prodCd=PD00000379,LTE|프로모션 할인|통화편의|통화편의|개인정보보호,10% 포인트 (7GB+/통화맘껏),매월 네이버페이 포인트가 10%씩 적립,7GB,7.0,,True,소진 시최대 1Mbps무제한!,1.0,기본제공,RS,기본제공,,50090,19800,22.5,1.98,3.3,22.0,33.0,33.0,110.0,,,,
PD00000381,USIM,PROD_USIM_TYPE_ALL,4,https://www.sk7mobile.com/prod/data/callingPlanView.do?refCode=USIM&searchCallPlanType=PROD_USIM_TYPE_ALL&prodCd=PD00000381,LTE|프로모션 할인|통화편의|통화편의|개인정보보호,번개 유심 (7GB+/통화맘껏),번개장터에서 현금처럼 사용가능한 번개포인트 무료제공!,7GB,7.0,,True,소진 시최대 1Mbps무제한!,1.0,기본제공,RS,기본제공,,48400,18000,22.5,1.98,3.3,22.0,33.0,33.0,110.0,,,,
PD00000382,USIM,PROD_USIM_TYPE_ALL,4,https://www.sk7mobile.com/prod/data/callingPlanView.do?refCode=USIM&searchCallPlanType=PROD_USIM_TYPE_ALL&prodCd=PD00000382,LTE|프로모션 할인|통화편의|통화편의|개인정보보호,LTE 유심 (3GB+/200분),기본제공량 소진 후에도 최대 1Mbps로 쭉~ 안심하고 쓰는 무제한 요금제,3GB,3.0,,True,소진 시최대  1Mbps무제한!,1.0,200분,RM,100건,100,36300,13860,22.5,1.98,3.3,22.0,33.0,33.0,110.0,,,,
PD00000386,USIM,PROD_USIM_TYPE_ALL,4,https://www.sk7mobile.com/prod/data/callingPlanView.do?refCode=USIM&searchCallPlanType=PROD_USIM_TYPE_ALL&prodCd=PD00000386,LTE|프로모션 할인|통화편의|통화편의|개인정보보호,10% 포인트 (3GB+/200분),매월 네이버페이 포인트가 10%씩 적립,3GB,3.0,,True,소진 시최대 1Mbps무제한!,1.0,200분,RM,100건,100,37510,15180,22.5,1.98,3.3,22.0,33.0,33.0,110.0,,,,
PD00000387,USIM,PROD_USIM_TYPE_ALL,4,https://www.sk7mobile.com/prod/data/callingPlanView.do?refCode=USIM&searchCallPlanType=PROD_USIM_TYPE_ALL&prodCd=PD00000387,LTE|프로모션 할인|통화편의|통화편의|개인정보보호,10% 포인트 (5GB+/200분),매월 네이버페이 포인트가 10%씩 적립,5GB,5.0,,True,소진 시최대 1Mbps무제한!,1.0,200분,RM,100건,100,41030,17600,22.5,1.98,3.3,22.0,33.0,33.0,110.0,,,,
PD00000390,USIM,PROD_USIM_TYPE_ALL,4,https://www.sk7mobile.com/prod/data/callingPlanView.do?refCode=USIM&searchCallPlanType=PROD_USIM_TYPE_ALL&prodCd=PD00000390,LTE|프로모션 할인|통화편의|통화편의|개인정보보호,번개 유심 (3GB+/200분),번개장터에서 현금처럼 사용가능한 번개포인트 무료제공!,3GB,3.0,,True,소진 시최대 1Mbps무제한!,1.0,200분,RM,100건,100,36300,13860,22.5,1.98,3.3,22.0,33.0,33.0,110.0,,,,
PD00000391,USIM,PROD_USIM_TYPE_ALL,4,https://www.sk7mobile.com/prod/data/callingPlanView.do?refCode=USIM&searchCallPlanType=PROD_USIM_TYPE_ALL&prodCd=PD00000391,LTE|프로모션 할인|통화편의|통화편의|개인정보보호,번개 유심 (5GB+/200분),번개장터에서 현금처럼 사용가능한 번개포인트 무료제공!,5GB,5.0,,True,소진 시최대 1Mbps무제한!,1.0,200분,RM,100건,100,39600,16060,22.5,1.98,3.3,22.0,33.0,33.0,110.0,,,,
PD00000398,USIM,PROD_USIM_TYPE_ALL,4,https://www.sk7mobile.com/prod/data/callingPlanView.do?refCode=USIM&searchCallPlanType=PROD_USIM_TYPE_ALL&prodCd=PD00000398,5G|프로모션 할인|추천|통화편의|통화편의|개인정보보호,5G 유심 (110GB+/통화맘껏),5G  휴대폰과 이용해보세요.,110GB,110.0,,True,"소진 시,최대 5Mbps무제한!",5.0,기본제공,RS,기본제공,,59400,45100,22.5,1.98,3.3,22.0,33.0,33.0,110.0,,,,
PD00000399,USIM,PROD_USIM_TYPE_ALL,4,https://www.sk7mobile.com/prod/data/callingPlanView.do?refCode=USIM&searchCallPlanType=PROD_USIM_TYPE_ALL&prodCd=PD00000399,LTE|프로모션 할인|개인정보보호,취향저격 올리브영 (11GB+/통화맘껏),"데이터/음성/문자 무제한에 매월 올리브영 5,000원 상품권까지",11GB,11.0,2,True,추가제공일 2GB+ 최대 3Mbps무제한!,3.0,기본제공,RS,기본제공,,51480,39000,22.5,1.98,3.3,22.0,33.0,33.0,110.0,,,,
PD00000400,USIM,PROD_USIM_TYPE_ALL,4,https://www.sk7mobile.com/prod/data/callingPlanView.do?refCode=USIM&searchCallPlanType=PROD_USIM_TYPE_ALL&prodCd=PD00000400,LTE|프로모션 할인|통화편의|통화편의|개인정보보호,취향저격 올리브영 (15GB+/100분),"데이터 무제한에 매월 올리브영 5,000원 상품권까지",15GB,15.0,,True,소진 시최대 3Mbps무제한!,3.0,100분,RM,100건,100,49500,28600,22.5,1.98,3.3,22.0,33.0,33.0,110.0,,,,
PD00000401,USIM,PROD_USIM_TYPE_ALL,4,https://www.sk7mobile.com/prod/data/callingPlanView.do?refCode=USIM&searchCallPlanType=PROD_USIM_TYPE_ALL&prodCd=PD00000401,LTE|프로모션 할인|추천|통화편의|통화편의|개인정보보호,LTE 유심 (10GB/2000분),카톡보다는 통화량이 많은 분들에게 강력추천,10GB,10.0,,False,,,2000분,RM,2000건,2000,41800,13000,22.5,1.98,3.3,22.0,33.0,33.0,110.0,,,,
PD00000402,USIM,PROD_USIM_TYPE_ALL,4,https://www.sk7mobile.com/prod/data/callingPlanView.do?refCode=USIM&searchCallPlanType=PROD_USIM_TYPE_ALL&prodCd=PD00000402,LTE|프로모션 할인|추천|통화편의|통화편의|개인정보보호,LTE 유심 (10GB/100분),"꼭 필요한 통화만 한다면, 1만원대 알뜰 요금제로!",10GB,10.0,,False,,,100분,RM,100건,100,33000,10200,22.5,1.98,3.3,22.0,33.0,33.0,110.0,,,,
PD00000403,USIM,PROD_USIM_TYPE_ALL,4,https://www.sk7mobile.com/prod/data/callingPlanView.do?refCode=USIM&searchCallPlanType=PROD_USIM_TYPE_ALL&prodCd=PD00000403,LTE|프로모션 할인|통화편의|통화편의|개인정보보호,10% 포인트 (10GB/2000분),매월 네이버페이 포인트가 10%씩 적립,10GB,10.0,,False,,,2000분,RM,2000건,2000,43340,14190,22.5,1.98,3.3,22.0,33.0,33.0,110.0,,,,
PD00000405,USIM,PROD_USIM_TYPE_ALL,4,https://www.sk7mobile.com/prod/data/callingPlanView.do?refCode=USIM&searchCallPlanType=PROD_USIM_TYPE_ALL&prodCd=PD00000405,LTE|프로모션 할인|통화편의|통화편의|개인정보보호,번개 유심 (10GB/2000분),,10GB,10.0,,False,,,2000분,RM,2000건,2000,41800,13000,22.5,1.98,3.3,22.0,33.0,33.0,110.0,,,,
PD00000408,USIM,PROD_USIM_TYPE_ALL,4,https://www.sk7mobile.com/prod/data/callingPlanView.do?refCode=USIM&searchCallPlanType=PROD_USIM_TYPE_ALL&prodCd=PD00000408,5G|프로모션 할인|추천|통화편의|통화편의|개인정보보호,5G 유심 (1GB/500분),5G  휴대폰과 이용해보세요.,1GB,1.0,,False,,,500분,RM,100건,100,22220,6600,22.5,1.98,3.3,22.0,33.0,33.0,110.0,,,,
PD00000413,USIM,PROD_USIM_TYPE_ALL,4,https://www.sk7mobile.com/prod/data/callingPlanView.do?refCode=USIM&searchCallPlanType=PROD_USIM_TYPE_ALL&prodCd=PD00000413,LTE|프로모션 할인|통화편의|통화편의|개인정보보호,LTE 복지 유심 (5GB/100분),복지 대상 고객님만을 위한 전용 요금제,5GB,5.0,,False,,,100분,RM,100건,100,22000,8800,22.5,1.98,3.3,22.0,33.0,33.0,110.0,,,,
PD00000415,USIM,PROD_USIM_TYPE_ALL,4,https://www.sk7mobile.com/prod/data/callingPlanView.do?refCode=USIM&searchCallPlanType=PROD_USIM_TYPE_ALL&prodCd=PD00000415,LTE|프로모션 할인|통화편의|통화편의|개인정보보호,LTE 안심 (5GB+/1000분),통화는 넉넉하게 데이터 추가 요금도 걱정없는 안심 요금제,5GB,5.0,,True,소진 시최대 400Kbps무제한!,,1000분,RM,1000건,1000,33000,11660,22.5,1.98,3.3,22.0,33.0,33.0,110.0,,,,
PD00000416,USIM,PROD_USIM_TYPE_ALL,4,https://www.sk7mobile.com/prod/data/callingPlanView.do?refCode=USIM&searchCallPlanType=PROD_USIM_TYPE_ALL&prodCd=PD00000416,LTE|프로모션 할인|통화편의|통화편의|개인정보보호,LTE 안심 (2GB+/1000분),통화는 넉넉하게 데이터 추가 요금도 걱정없는 안심 요금제,2GB,2.0,,True,소진 시최대  400Kbps무제한!,,1000분,RM,1000건,1000,27500,10120,22.5,1.98,3.3,22.0,33.0,33.0,110.0,,,,
PD00000417,USIM,PROD_USIM_TYPE_ALL,4,https://www.sk7mobile.com/prod/data/callingPlanView.do?refCode=USIM&searchCallPlanType=PROD_USIM_TYPE_ALL&prodCd=PD00000417,LTE|프로모션 할인|통화편의|통화편의|개인정보보호,LTE 안심 (10GB+/1000분),통화는 넉넉하게 데이터 추가 요금도 걱정없는 안심 요금제,10GB,10.0,,True,소진 시최대 400Kbps무제한!,,1000분,RM,1000건,1000,44000,16200,22.5,1.98,3.3,22.0,33.0,33.0,110.0,,,,
PD00000418,USIM,PROD_USIM_TYPE_ALL,4,https://www.sk7mobile.com/prod/data/callingPlanView.do?refCode=USIM&searchCallPlanType=PROD_USIM_TYPE_ALL&prodCd=PD00000418,5G|프로모션 할인|통화편의|통화편의|개인정보보호,5G 유심 (24GB+/통화맘껏),5G  휴대폰과 이용해보세요,24GB,24.0,,True,"소진 시,최대 1Mbps무제한!",1.0,기본제공,RS,기본제공,,48400,38500,22.5,1.98,3.3,22.0,33.0,33.0,110.0,,,,
PD00000419,USIM,PROD_USIM_TYPE_ALL,4,https://www.sk7mobile.com/prod/data/callingPlanView.do?refCode=USIM&searchCallPlanType=PROD_USIM_TYPE_ALL&prodCd=PD00000419,5G|프로모션 할인|추천|통화편의|통화편의|개인정보보호,5G 유심 (11GB+/통화맘껏),5G  휴대폰과 이용해보세요,11GB,11.0,,True,"소진 시,최대 400Kbps무제한!",,기본제공,RS,기본제공,,39600,31900,22.5,1.98,3.3,22.0,33.0,33.0,110.0,,,,
PD00000420,USIM,PROD_USIM_TYPE_ALL,4,https://www.sk7mobile.com/prod/data/callingPlanView.do?refCode=USIM&searchCallPlanType=PROD_USIM_TYPE_ALL&prodCd=PD00000420,LTE|프로모션 할인|개인정보보호,LTE 유심 (1GB/50분),만원도 안되는 초알뜰 요금제,1GB,1.0,,False,,,50분,RM,50건,50,4400,3300,22.5,1.98,3.3,22.0,33.0,33.0,110.0,,,,
PD00000421,USIM,PROD_USIM_TYPE_ALL,4,https://www.sk7mobile.com/prod/data/callingPlanView.do?refCode=USIM&searchCallPlanType=PROD_USIM_TYPE_ALL&prodCd=PD00000421,LTE|프로모션 할인|추천|통화편의|통화편의|개인정보보호,LTE 유심 (500MB/60분),만원도 안되는 초알뜰 요금제,500MB,,,False,,,60분,RM,50건,50,3300,1900,22.5,1.98,3.3,22.0,33.0,33.0,110.0,,,,
PD00000422,USIM,PROD_USIM_TYPE_ALL,4,https://www.sk7mobile.com/prod/data/callingPlanView.do?refCode=USIM&searchCallPlanType=PROD_USIM_TYPE_ALL&prodCd=PD00000422,3G|프로모션 할인|통화편의|통화편의|개인정보보호,5G 태블릿 10GB+,태블릿 전용 유심 요금제,10GB,10.0,,True,소진 시최대  400Kbps무제한!,,0분,RM,0건,0,30800,15400,22.5,1.98,3.3,22.0,33.0,33.0,110.0,,,,
PD00000423,USIM,PROD_USIM_TYPE_ALL,4,https://www.sk7mobile.com/prod/data/callingPlanView.do?refCode=USIM&searchCallPlanType=PROD_USIM_TYPE_ALL&prodCd=PD00000423,3G|프로모션 할인|통화편의|통화편의|개인정보보호,5G 태블릿 10GB,태블릿 전용 유심 요금제,10GB,10.0,,False,,,0분,RM,0건,0,26400,11000,22.5,1.98,3.3,22.0,33.0,33.0,110.0,,,,
PD00000424,USIM,PROD_USIM_TYPE_ALL,4,https://www.sk7mobile.com/prod/data/callingPlanView.do?refCode=USIM&searchCallPlanType=PROD_USIM_TYPE_ALL&prodCd=PD00000424,3G|프로모션 할인|통화편의|통화편의|개인정보보호,5G 태블릿 5GB+,태블릿 전용 유심 요금제,5GB,5.0,,True,소진 시최대  400Kbps무제한!,,0분,RM,0건,0,26400,12100,22.5,1.98,3.3,22.0,33.0,33.0,110.0,,,,
PD00000425,USIM,PROD_USIM_TYPE_ALL,4,https://www.sk7mobile.com/prod/data/callingPlanView.do?refCode=USIM&searchCallPlanType=PROD_USIM_TYPE_ALL&prodCd=PD00000425,3G|프로모션 할인|통화편의|통화편의|개인정보보호,5G 태블릿 5GB,태블릿 전용 유심 요금제,5GB,5.0,,False,,,0분,RM,0건,0,22000,7700,22.5,1.98,3.3,22.0,33.0,33.0,110.0,,,,
PD00000430,USIM,PROD_USIM_TYPE_ALL,4,https://www.sk7mobile.com/prod/data/callingPlanView.do?refCode=USIM&searchCallPlanType=PROD_USIM_TYPE_ALL&prodCd=PD00000430,LTE|프로모션 할인|통화편의|통화편의|개인정보보호,LTE 유심 (1GB+/통화맘껏),기본제공량 소진 후에도 최대 1Mbps로 쭉~ 안심하고 쓰는 무제한 요금제,1GB,1.0,,True,소진 시최대 1Mbps무제한!,1.0,기본제공,RS,기본제공,,33000,11000,22.5,1.98,3.3,22.0,33.0,33.0,110.0,,,,
