site,kind,ctgr,seq,ctgrId,hpPpnSeq,hpPpnCd,upPpnCd,devKdCd,sbscTypCd2,sbscTypCd3,feeName,feeType,title,feature_vol,feature_limit,feature_supply,price_origin,price_discount,chips,speed_toplist,speed_data_guide,detail_url,list_url
uplusumobile,usim,LTE,470,003,470,LPZ1001674,U009,003,U,E,LTE 스페셜 플러스,USIM/ESIM,LTE 스페셜 플러스,100GB,기본제공,기본제공,46600,38200,이마트24,,,https://www.uplusumobile.com/product/pric/pricDetail?seq=470&upPpnCd=U009&devKdCd=003,
uplusumobile,usim,LTE,27,003,27,LPZ0000202,U009,003,U,E,LTE 스페셜,USIM/ESIM,LTE 스페셜,11GB+일2GB,기본제공,기본제공,49390,32990,이마트24,,,https://www.uplusumobile.com/product/pric/pricDetail?seq=27&upPpnCd=U009&devKdCd=003,
uplusumobile,usim,LTE,452,003,452,LPZ1000542,U008,003,U,E,LTE (15GB+/통화기본),USIM/ESIM,LTE (15GB+/통화기본),15GB,기본제공,기본제공,48400,20900,이마트24,,,https://www.uplusumobile.com/product/pric/pricDetail?seq=452&upPpnCd=U008&devKdCd=003,
uplusumobile,usim,LTE,410,003,410,LPZ0019646,U007,003,U,E,LTE (10GB+/통화기본),USIM/ESIM,LTE (10GB+/통화기본),10GB,기본제공,기본제공,41950,18900,이마트24,,,https://www.uplusumobile.com/product/pric/pricDetail?seq=410&upPpnCd=U007&devKdCd=003,
uplusumobile,usim,LTE,298,003,298,LPZ0017816,U005,003,U,E,LTE (7GB+/통화기본),USIM/ESIM,LTE (7GB+/통화기본),7GB,기본제공,기본제공,39800,15900,이마트24,,,https://www.uplusumobile.com/product/pric/pricDetail?seq=298&upPpnCd=U005&devKdCd=003,
uplusumobile,usim,LTE,358,003,358,LPZ0018912,U001,003,U,E,LTE (1GB+/통화기본),USIM/ESIM,LTE (1GB+/통화기본),1GB,기본제공,기본제공,25300,9900,이마트24,,,https://www.uplusumobile.com/product/pric/pricDetail?seq=358&upPpnCd=U001&devKdCd=003,
uplusumobile,usim,LTE,178,003,178,LPZ0015766,U009,003,U,E,LTE 스페셜 프로,USIM/ESIM,LTE 스페셜 프로,일5GB,기본제공,기본제공,45900,38200,,,,https://www.uplusumobile.com/product/pric/pricDetail?seq=178&upPpnCd=U009&devKdCd=003,
uplusumobile,usim,LTE,241,003,241,LPZ0017185,U003,003,U,E,LTE (4.5GB+/통화기본),USIM/ESIM,LTE (4.5GB+/통화기본),4.5GB,기본제공,기본제공,36600,13900,,,,https://www.uplusumobile.com/product/pric/pricDetail?seq=241&upPpnCd=U003&devKdCd=003,
uplusumobile,usim,LTE,273,003,273,LPZ0017618,U008,003,U,E,LTE (15GB+/300분),USIM/ESIM,LTE (15GB+/300분),15GB,300분,300건,55000,27450,,,,https://www.uplusumobile.com/product/pric/pricDetail?seq=273&upPpnCd=U008&devKdCd=003,
uplusumobile,usim,LTE,237,003,237,LPZ0017151,U008,003,U,E,LTE (15GB+/180분),USIM/ESIM,LTE (15GB+/180분),15GB,180분,100건,48900,26900,,,,https://www.uplusumobile.com/product/pric/pricDetail?seq=237&upPpnCd=U008&devKdCd=003,
uplusumobile,usim,LTE,203,003,203,LPZ0016554,U008,003,U,E,LTE (15GB+/100분),USIM/ESIM,LTE (15GB+/100분),15GB,100분,100건,47300,25250,,,,https://www.uplusumobile.com/product/pric/pricDetail?seq=203&upPpnCd=U008&devKdCd=003,
uplusumobile,usim,LTE,240,003,240,LPZ0017188,U003,003,U,E,LTE (5GB+/200분),USIM/ESIM,LTE (5GB+/200분),5GB,200분,100건,28200,12500,,,,https://www.uplusumobile.com/product/pric/pricDetail?seq=240&upPpnCd=U003&devKdCd=003,
uplusumobile,usim,LTE,422,003,422,LPZ0012031,U003,003,U,E,LTE (5GB+/100분),USIM/ESIM,LTE (5GB+/100분),5GB,100분,100건,23500,11500,,,,https://www.uplusumobile.com/product/pric/pricDetail?seq=422&upPpnCd=U003&devKdCd=003,
uplusumobile,usim,LTE,443,003,443,LPZ0012449,U023,003,U,E,LTE (3GB+/100분),USIM/ESIM,LTE (3GB+/100분),3GB,100분,100건,26000,9500,,,,https://www.uplusumobile.com/product/pric/pricDetail?seq=443&upPpnCd=U023&devKdCd=003,
uplusumobile,usim,LTE,355,003,355,LPZ0018797,U002,003,U,E,LTE (2.5GB+/200분),USIM/ESIM,LTE (2.5GB+/200분),2.5GB,200분,100건,22500,9500,,,,https://www.uplusumobile.com/product/pric/pricDetail?seq=355&upPpnCd=U002&devKdCd=003,
uplusumobile,usim,LTE,359,003,359,LPZ0018914,U001,003,U,E,LTE (1GB+/100분),USIM/ESIM,LTE (1GB+/100분),1GB,100분,100건,17800,7900,,,,https://www.uplusumobile.com/product/pric/pricDetail?seq=359&upPpnCd=U001&devKdCd=003,
uplusumobile,usim,LTE,200,003,200,LPZ0016538,U004,003,U,E,LTE (6GB/통화기본),USIM/ESIM,LTE (6GB/통화기본),6GB,기본제공,기본제공,35000,9500,,,,https://www.uplusumobile.com/product/pric/pricDetail?seq=200&upPpnCd=U004&devKdCd=003,
uplusumobile,usim,LTE,299,003,299,LPZ0017840,U003,003,U,E,LTE (4GB/통화기본),USIM/ESIM,LTE (4GB/통화기본),4GB,기본제공,기본제공,33500,7500,,,,https://www.uplusumobile.com/product/pric/pricDetail?seq=299&upPpnCd=U003&devKdCd=003,
uplusumobile,usim,LTE,198,003,198,LPZ0016534,U002,003,U,E,LTE (2.5GB/통화기본),USIM/ESIM,LTE (2.5GB/통화기본),2.5GB,기본제공,기본제공,29000,6900,,,,https://www.uplusumobile.com/product/pric/pricDetail?seq=198&upPpnCd=U002&devKdCd=003,
uplusumobile,usim,LTE,197,003,197,LPZ0016510,U001,003,U,E,LTE (1.5GB/통화기본),USIM/ESIM,LTE (1.5GB/통화기본),1.5GB,기본제공,기본제공,23000,5900,,,,https://www.uplusumobile.com/product/pric/pricDetail?seq=197&upPpnCd=U001&devKdCd=003,
uplusumobile,usim,LTE,530,003,530,LPZ1004395,U_DATA0GB,003,U,E,데이터차단 (0GB/통화기본),USIM/ESIM,데이터차단 (0GB/통화기본),미제공,기본제공,기본제공,13000,4900,디지털 디톡스,,,https://www.uplusumobile.com/product/pric/pricDetail?seq=530&upPpnCd=U_DATA0GB&devKdCd=003,
uplusumobile,usim,LTE,368,003,368,LPZ0019119,U007,003,U,E,LTE (10GB/100분),USIM/ESIM,LTE (10GB/100분),10GB,100분,100건,32400,9900,,,,https://www.uplusumobile.com/product/pric/pricDetail?seq=368&upPpnCd=U007&devKdCd=003,
uplusumobile,usim,LTE,347,003,347,LPZ0018662,U006,003,U,E,LTE (9GB/3000분),USIM/ESIM,LTE (9GB/3000분),9GB,3000분,1000건,37800,12500,,,,https://www.uplusumobile.com/product/pric/pricDetail?seq=347&upPpnCd=U006&devKdCd=003,
uplusumobile,usim,LTE,276,003,276,LPZ0017595,U003,003,U,E,LTE (5GB/300분),USIM/ESIM,LTE (5GB/300분),5GB,300분,100건,27500,10120,,,,https://www.uplusumobile.com/product/pric/pricDetail?seq=276&upPpnCd=U003&devKdCd=003,
uplusumobile,usim,LTE,278,003,278,LPZ0017602,U002,003,U,E,LTE (2.5GB/200분),USIM/ESIM,LTE (2.5GB/200분),2.5GB,200분,100건,20900,6500,,,,https://www.uplusumobile.com/product/pric/pricDetail?seq=278&upPpnCd=U002&devKdCd=003,
uplusumobile,usim,LTE,285,003,285,LPZ0017732,U001,003,U,E,LTE (1.5GB/150분),USIM/ESIM,LTE (1.5GB/150분),1.5GB,150분,100건,12100,4900,,,,https://www.uplusumobile.com/product/pric/pricDetail?seq=285&upPpnCd=U001&devKdCd=003,
uplusumobile,usim,LTE,163,003,163,LPZ0015578,U001,003,U,E,LTE (1GB/60분),USIM/ESIM,LTE (1GB/60분),1GB,60분,100건,10500,3900,,,,https://www.uplusumobile.com/product/pric/pricDetail?seq=163&upPpnCd=U001&devKdCd=003,
uplusumobile,usim,LTE,300,003,300,LPZ0017823,U001,003,U,E,LTE (500MB/60분),USIM/ESIM,LTE (500MB/60분),500MB,60분,50건,7400,3300,,,,https://www.uplusumobile.com/product/pric/pricDetail?seq=300&upPpnCd=U001&devKdCd=003,
uplusumobile,usim,SPCL,577,003,577,LPZ1006240,GS25_LTE,003,U,E,GS25 (150GB+/통화기본),USIM/ESIM,GS25 (150GB+/통화기본),일5GB,기본제공,기본제공,64000,40100,GS25,,,https://www.uplusumobile.com/product/pric/pricDetail?seq=577&upPpnCd=GS25_LTE&devKdCd=003,
uplusumobile,usim,SPCL,578,003,578,LPZ1006242,GS25_LTE,003,U,E,GS25 (71GB+/통화기본),USIM/ESIM,GS25 (71GB+/통화기본),11GB+일2GB,기본제공,기본제공,58790,34900,GS25,,,https://www.uplusumobile.com/product/pric/pricDetail?seq=578&upPpnCd=GS25_LTE&devKdCd=003,
uplusumobile,usim,SPCL,579,003,579,LPZ1006244,GS25_LTE,003,U,E,GS25 (25GB+/100분),USIM/ESIM,GS25 (25GB+/100분),(15+10)GB,100분,100건,52800,28900,GS25,,,https://www.uplusumobile.com/product/pric/pricDetail?seq=579&upPpnCd=GS25_LTE&devKdCd=003,
uplusumobile,usim,SPCL,580,003,580,LPZ1006246,GS25_5G,003,U,E,GS25 5G (10GB/200분),USIM/ESIM,GS25 5G (10GB/200분),10GB,200분,100건,32800,13500,GS25,,,https://www.uplusumobile.com/product/pric/pricDetail?seq=580&upPpnCd=GS25_5G&devKdCd=003,
uplusumobile,usim,SPCL,570,003,570,LPZ1005543,DAISO_24M,003,U,E,다성비 (71GB+/통화기본) [매월 다이소 5천원],USIM/ESIM,다성비 (71GB+/통화기본) [매월 다이소 5천원],11GB+일2GB,기본제공,기본제공,51290,34890,다이소,,,https://www.uplusumobile.com/product/pric/pricDetail?seq=570&upPpnCd=DAISO_24M&devKdCd=003,
uplusumobile,usim,SPCL,571,003,571,LPZ1005544,DAISO_24M,003,U,E,다성비 (25GB+/통화기본) [매월 다이소 5천원],USIM/ESIM,다성비 (25GB+/통화기본) [매월 다이소 5천원],(15+10)GB,기본제공,기본제공,51900,23800,다이소,,,https://www.uplusumobile.com/product/pric/pricDetail?seq=571&upPpnCd=DAISO_24M&devKdCd=003,
uplusumobile,usim,SPCL,572,003,572,LPZ1005545,DAISO_24M,003,U,E,다성비 (17GB+/통화기본) [매월 다이소 5천원],USIM/ESIM,다성비 (17GB+/통화기본) [매월 다이소 5천원],(7+10)GB,기본제공,기본제공,43300,19400,다이소,,,https://www.uplusumobile.com/product/pric/pricDetail?seq=572&upPpnCd=DAISO_24M&devKdCd=003,
uplusumobile,usim,SPCL,573,003,573,LPZ1005546,DAISO_24M,003,U,E,다성비 (7GB+/통화기본) [매월 다이소 5천원],USIM/ESIM,다성비 (7GB+/통화기본) [매월 다이소 5천원],7GB,기본제공,기본제공,41700,17800,다이소,,,https://www.uplusumobile.com/product/pric/pricDetail?seq=573&upPpnCd=DAISO_24M&devKdCd=003,
uplusumobile,usim,SPCL,575,003,575,LPZ1005548,DAISO_24M,003,U,E,다성비 (1GB+/통화기본) [매월 다이소 5천원],USIM/ESIM,다성비 (1GB+/통화기본) [매월 다이소 5천원],1GB,기본제공,기본제공,26300,10900,다이소,,,https://www.uplusumobile.com/product/pric/pricDetail?seq=575&upPpnCd=DAISO_24M&devKdCd=003,
uplusumobile,usim,SPCL,576,003,576,LPZ1005549,DAISO_24M,003,U,E,다성비 (1.5GB/통화기본) [매월 다이소 5천원],USIM/ESIM,다성비 (1.5GB/통화기본) [매월 다이소 5천원],1.5GB,기본제공,기본제공,26000,8900,다이소,,,https://www.uplusumobile.com/product/pric/pricDetail?seq=576&upPpnCd=DAISO_24M&devKdCd=003,
uplusumobile,usim,SPCL,558,003,558,LPZ1005269,YOUNG_LTE,003,U,E,YOUNG (100GB+/통화기본),USIM/ESIM,YOUNG (100GB+/통화기본),100GB,기본제공,기본제공,47600,39200,올리브영,,,https://www.uplusumobile.com/product/pric/pricDetail?seq=558&upPpnCd=YOUNG_LTE&devKdCd=003,
uplusumobile,usim,SPCL,559,003,559,LPZ1005270,YOUNG_LTE,003,U,E,YOUNG (71GB+/통화기본),USIM/ESIM,YOUNG (71GB+/통화기본),11GB+일2GB,기본제공,기본제공,50390,33990,올리브영,,,https://www.uplusumobile.com/product/pric/pricDetail?seq=559&upPpnCd=YOUNG_LTE&devKdCd=003,
uplusumobile,usim,SPCL,561,003,561,LPZ1005390,YOUNG_LTE,003,U,E,YOUNG (15GB+/300분),USIM/ESIM,YOUNG (15GB+/300분),15GB,300분,300건,56000,28450,올리브영,,,https://www.uplusumobile.com/product/pric/pricDetail?seq=561&upPpnCd=YOUNG_LTE&devKdCd=003,
uplusumobile,usim,SPCL,562,003,562,LPZ1005392,YOUNG_LTE,003,U,E,YOUNG (9GB/3000분),USIM/ESIM,YOUNG (9GB/3000분),9GB,3000분,1000건,38800,13500,올리브영,,,https://www.uplusumobile.com/product/pric/pricDetail?seq=562&upPpnCd=YOUNG_LTE&devKdCd=003,
uplusumobile,usim,SPCL,563,003,563,LPZ1005393,YOUNG_LTE,003,U,E,YOUNG (6GB/통화기본),USIM/ESIM,YOUNG (6GB/통화기본),6GB,기본제공,기본제공,36000,10500,올리브영,,,https://www.uplusumobile.com/product/pric/pricDetail?seq=563&upPpnCd=YOUNG_LTE&devKdCd=003,
uplusumobile,usim,SPCL,560,003,560,LPZ1005272,YOUNG_LTE,003,U,E,YOUNG (1GB+/통화기본),USIM/ESIM,YOUNG (1GB+/통화기본),1GB,기본제공,기본제공,26300,10900,올리브영,,,https://www.uplusumobile.com/product/pric/pricDetail?seq=560&upPpnCd=YOUNG_LTE&devKdCd=003,
uplusumobile,usim,SPCL,564,003,564,LPZ1005391,YOUNG_5G,003,U,E,YOUNG 5G (50GB+/통화기본),USIM/ESIM,YOUNG 5G (50GB+/통화기본),50GB,기본제공,기본제공,51000,38850,올리브영,,,https://www.uplusumobile.com/product/pric/pricDetail?seq=564&upPpnCd=YOUNG_5G&devKdCd=003,
uplusumobile,usim,SPCL,565,003,565,LPZ1005394,YOUNG_5G,003,U,E,YOUNG 5G (3GB/통화기본),USIM/ESIM,YOUNG 5G (3GB/통화기본),3GB,기본제공,기본제공,25400,8900,올리브영,,,https://www.uplusumobile.com/product/pric/pricDetail?seq=565&upPpnCd=YOUNG_5G&devKdCd=003,
uplusumobile,usim,SPCL,537,003,537,LPZ1003065,ezlKpass,003,U,E,이동의즐거움 K-패스 (100GB+/통화기본),USIM/ESIM,이동의즐거움 K-패스 (100GB+/통화기본),100GB,기본제공,기본제공,47600,38400,대중교통할인,,,https://www.uplusumobile.com/product/pric/pricDetail?seq=537&upPpnCd=ezlKpass&devKdCd=003,
uplusumobile,usim,SPCL,538,003,538,LPZ1001481,ezlKpass,003,U,E,이동의즐거움 K-패스 (71GB+/통화기본),USIM/ESIM,이동의즐거움 K-패스 (71GB+/통화기본),11GB+일2GB,기본제공,기본제공,50390,33990,대중교통할인,,,https://www.uplusumobile.com/product/pric/pricDetail?seq=538&upPpnCd=ezlKpass&devKdCd=003,
uplusumobile,usim,SPCL,539,003,539,LPZ1001487,ezlKpass,003,U,E,이동의즐거움 K-패스 (15GB+/통화기본),USIM/ESIM,이동의즐거움 K-패스 (15GB+/통화기본),15GB,기본제공,기본제공,49400,21400,대중교통할인,,,https://www.uplusumobile.com/product/pric/pricDetail?seq=539&upPpnCd=ezlKpass&devKdCd=003,
uplusumobile,usim,SPCL,540,003,540,LPZ0018077,ezlKpass,003,U,E,이동의즐거움 K-패스 (7GB+/통화기본),USIM/ESIM,이동의즐거움 K-패스 (7GB+/통화기본),7GB,기본제공,기본제공,40800,16200,대중교통할인,,,https://www.uplusumobile.com/product/pric/pricDetail?seq=540&upPpnCd=ezlKpass&devKdCd=003,
uplusumobile,usim,SPCL,541,003,541,LPZ1004302,ezlKpass,003,U,E,이동의즐거움 K-패스 (1GB+/통화기본),USIM/ESIM,이동의즐거움 K-패스 (1GB+/통화기본),1GB,기본제공,기본제공,26300,10900,대중교통할인,,,https://www.uplusumobile.com/product/pric/pricDetail?seq=541&upPpnCd=ezlKpass&devKdCd=003,
uplusumobile,usim,SPCL,547,003,547,LPZ1004875,PLUSALPHA,003,U,E,데이터플러스 (15GB+/100분),USIM/ESIM,데이터플러스 (15GB+/100분),(15+10)GB,100분,100건,51550,26900,매월데이터10GB추가,,,https://www.uplusumobile.com/product/pric/pricDetail?seq=547&upPpnCd=PLUSALPHA&devKdCd=003,
uplusumobile,usim,SPCL,535,003,535,LPZ1004293,PLUSALPHA,003,U,E,데이터플러스 (15GB+/통화기본),USIM/ESIM,데이터플러스 (15GB+/통화기본),(15+10)GB,기본제공,기본제공,50000,21900,매월데이터10GB추가,,,https://www.uplusumobile.com/product/pric/pricDetail?seq=535&upPpnCd=PLUSALPHA&devKdCd=003,
uplusumobile,usim,SPCL,566,003,566,LPZ1005395,PLUSALPHA,003,U,E,데이터플러스 (10GB+/통화기본),USIM/ESIM,데이터플러스 (10GB+/통화기본),(10+10)GB,기본제공,기본제공,43550,19900,매월데이터10GB추가,,,https://www.uplusumobile.com/product/pric/pricDetail?seq=566&upPpnCd=PLUSALPHA&devKdCd=003,
uplusumobile,usim,SPCL,536,003,536,LPZ1004294,PLUSALPHA,003,U,E,데이터플러스 (7GB+/통화기본),USIM/ESIM,데이터플러스 (7GB+/통화기본),(7+10)GB,기본제공,기본제공,41400,17500,매월데이터10GB추가,,,https://www.uplusumobile.com/product/pric/pricDetail?seq=536&upPpnCd=PLUSALPHA&devKdCd=003,
uplusumobile,usim,SPCL,542,003,542,LPZ1004290,hywill_LTE,003,U,E,플러스알파 (71GB+/통화기본),USIM/ESIM,플러스알파 (71GB+/통화기본),11GB+일2GB,기본제공,기본제공,51000,34600,윌야쿠르트240개,,,https://www.uplusumobile.com/product/pric/pricDetail?seq=542&upPpnCd=hywill_LTE&devKdCd=003,
uplusumobile,usim,SPCL,545,003,545,LPZ1004873,hywill_LTE,003,U,E,플러스알파 (15GB+/통화기본),USIM/ESIM,플러스알파 (15GB+/통화기본),15GB,기본제공,기본제공,50000,22500,윌야쿠르트240개,,,https://www.uplusumobile.com/product/pric/pricDetail?seq=545&upPpnCd=hywill_LTE&devKdCd=003,
uplusumobile,usim,SPCL,546,003,546,LPZ1004874,hywill_LTE,003,U,E,플러스알파 (7GB+/통화기본),USIM/ESIM,플러스알파 (7GB+/통화기본),7GB,기본제공,기본제공,41400,17500,윌야쿠르트240개,,,https://www.uplusumobile.com/product/pric/pricDetail?seq=546&upPpnCd=hywill_LTE&devKdCd=003,
uplusumobile,usim,SPCL,543,003,543,LPZ1004298,hywill_LTE,003,U,E,플러스알파 (4.5GB+/통화기본),USIM/ESIM,플러스알파 (4.5GB+/통화기본),4.5GB,기본제공,기본제공,38200,15500,윌야쿠르트240개,,,https://www.uplusumobile.com/product/pric/pricDetail?seq=543&upPpnCd=hywill_LTE&devKdCd=003,
uplusumobile,usim,SPCL,544,003,544,LPZ1004921,hywill_LTE,003,U,E,플러스알파 (1GB+/통화기본),USIM/ESIM,플러스알파 (1GB+/통화기본),1GB,기본제공,기본제공,26900,11500,윌야쿠르트240개,,,https://www.uplusumobile.com/product/pric/pricDetail?seq=544&upPpnCd=hywill_LTE&devKdCd=003,
uplusumobile,usim,SPCL,494,003,494,LPZ1000002,PAIKS_LTE,003,U,E,빽다방 100잔 (71GB+/통화기본),USIM/ESIM,빽다방 100잔 (71GB+/통화기본),11GB+일2GB,기본제공,기본제공,50000,34500,커피100잔 제공,,,https://www.uplusumobile.com/product/pric/pricDetail?seq=494&upPpnCd=PAIKS_LTE&devKdCd=003,
uplusumobile,usim,SPCL,495,003,495,LPZ1000003,PAIKS_LTE,003,U,E,빽다방 100잔 (15GB+/통화기본),USIM/ESIM,빽다방 100잔 (15GB+/통화기본),15GB,기본제공,기본제공,49000,22400,커피100잔 제공,,,https://www.uplusumobile.com/product/pric/pricDetail?seq=495&upPpnCd=PAIKS_LTE&devKdCd=003,
uplusumobile,usim,SPCL,496,003,496,LPZ1000007,PAIKS_LTE,003,U,E,빽다방 100잔 (7GB+/통화기본),USIM/ESIM,빽다방 100잔 (7GB+/통화기본),7GB,기본제공,기본제공,40000,17900,커피100잔 제공,,,https://www.uplusumobile.com/product/pric/pricDetail?seq=496&upPpnCd=PAIKS_LTE&devKdCd=003,
uplusumobile,usim,SPCL,497,003,497,LPZ1000009,PAIKS_LTE,003,U,E,빽다방 100잔 (1GB+/통화기본),USIM/ESIM,빽다방 100잔 (1GB+/통화기본),1GB,기본제공,기본제공,26000,11400,커피100잔 제공,,,https://www.uplusumobile.com/product/pric/pricDetail?seq=497&upPpnCd=PAIKS_LTE&devKdCd=003,
uplusumobile,usim,SPCL,498,003,498,LPZ1000010,PAIKS_5G,003,U,E,빽다방 100잔 5G (10GB/통화기본),USIM/ESIM,빽다방 100잔 5G (10GB/통화기본),10GB,기본제공,기본제공,36000,14000,커피100잔 제공,,,https://www.uplusumobile.com/product/pric/pricDetail?seq=498&upPpnCd=PAIKS_5G&devKdCd=003,
uplusumobile,usim,SPCL,499,003,499,LPZ1000012,PAIKS_5G,003,U,E,빽다방 100잔 5G (5GB/통화기본),USIM/ESIM,빽다방 100잔 5G (5GB/통화기본),5GB,기본제공,기본제공,28000,12400,커피100잔 제공,,,https://www.uplusumobile.com/product/pric/pricDetail?seq=499&upPpnCd=PAIKS_5G&devKdCd=003,
uplusumobile,usim,SPCL,521,003,521,LPZ1003942,KYOBO_LTE,003,U,E,교보문고 북 플러스알파 (100GB+/통화기본),USIM/ESIM,교보문고 북 플러스알파 (100GB+/통화기본),100GB,기본제공,기본제공,47510,39100,독서 영화 혜택제공,,,https://www.uplusumobile.com/product/pric/pricDetail?seq=521&upPpnCd=KYOBO_LTE&devKdCd=003,
uplusumobile,usim,SPCL,522,003,522,LPZ1003955,KYOBO_LTE,003,U,E,교보문고 북 플러스알파 (71GB+/통화기본),USIM/ESIM,교보문고 북 플러스알파 (71GB+/통화기본),11GB+일2GB,기본제공,기본제공,49390,33500,독서 영화 혜택제공,,,https://www.uplusumobile.com/product/pric/pricDetail?seq=522&upPpnCd=KYOBO_LTE&devKdCd=003,
uplusumobile,usim,SPCL,523,003,523,LPZ1003956,KYOBO_LTE,003,U,E,교보문고 북 플러스알파 (15GB+/통화기본),USIM/ESIM,교보문고 북 플러스알파 (15GB+/통화기본),15GB,기본제공,기본제공,49400,21900,독서 영화 혜택제공,,,https://www.uplusumobile.com/product/pric/pricDetail?seq=523&upPpnCd=KYOBO_LTE&devKdCd=003,
uplusumobile,usim,SPCL,524,003,524,LPZ1003962,KYOBO_LTE,003,U,E,교보문고 북 플러스알파 (10GB+/통화기본),USIM/ESIM,교보문고 북 플러스알파 (10GB+/통화기본),10GB,기본제공,기본제공,42950,19900,독서 영화 혜택제공,,,https://www.uplusumobile.com/product/pric/pricDetail?seq=524&upPpnCd=KYOBO_LTE&devKdCd=003,
uplusumobile,usim,SPCL,525,003,525,LPZ1003964,KYOBO_LTE,003,U,E,교보문고 북 플러스알파 (4.5GB+/통화기본),USIM/ESIM,교보문고 북 플러스알파 (4.5GB+/통화기본),4.5GB,기본제공,기본제공,36600,13900,독서 영화 혜택제공,,,https://www.uplusumobile.com/product/pric/pricDetail?seq=525&upPpnCd=KYOBO_LTE&devKdCd=003,
uplusumobile,usim,SPCL,526,003,526,LPZ1003969,KYOBO_LTE,003,U,E,교보문고 북 플러스알파 (1GB+/통화기본),USIM/ESIM,교보문고 북 플러스알파 (1GB+/통화기본),1GB,기본제공,기본제공,26300,10900,독서 영화 혜택제공,,,https://www.uplusumobile.com/product/pric/pricDetail?seq=526&upPpnCd=KYOBO_LTE&devKdCd=003,
uplusumobile,usim,SPCL,532,003,532,LPZ1004464,SelfCare,003,U,E,자급제폰케어 (100GB+/통화기본),USIM/ESIM,자급제폰케어 (100GB+/통화기본),100GB,기본제공,기본제공,47900,39490,24개월간 파손형 보험료 전액 지원,,,https://www.uplusumobile.com/product/pric/pricDetail?seq=532&upPpnCd=SelfCare&devKdCd=003,
uplusumobile,usim,SPCL,315,003,315,LPZ0018238,SelfCare,003,U,E,자급제폰케어 (71GB+/통화기본),USIM/ESIM,자급제폰케어 (71GB+/통화기본),11GB+일2GB,기본제공,기본제공,49390,34300,24개월간 파손형 보험료 전액 지원,,,https://www.uplusumobile.com/product/pric/pricDetail?seq=315&upPpnCd=SelfCare&devKdCd=003,
uplusumobile,usim,SPCL,316,003,316,LPZ0018235,SelfCare,003,U,E,자급제폰케어 (7GB+/통화기본),USIM/ESIM,자급제폰케어 (7GB+/통화기본),7GB,기본제공,기본제공,39800,17200,24개월간 파손형 보험료 전액 지원,,,https://www.uplusumobile.com/product/pric/pricDetail?seq=316&upPpnCd=SelfCare&devKdCd=003,
uplusumobile,usim,SPCL,213,003,213,LPZ0016369,NPAY,003,U,E,10%적립 스페셜,USIM/ESIM,10%적립 스페셜,10GB+일2GB,기본제공,기본제공,,34900,N포인트적립,,,https://www.uplusumobile.com/product/pric/pricDetail?seq=213&upPpnCd=NPAY&devKdCd=003,
uplusumobile,usim,SPCL,475,003,475,LPZ1001492,NPAY,003,U,E,10%적립 (10GB+/500분),USIM/ESIM,10%적립 (10GB+/500분),10GB,500분,500건,,18500,N포인트적립,,,https://www.uplusumobile.com/product/pric/pricDetail?seq=475&upPpnCd=NPAY&devKdCd=003,
uplusumobile,usim,SPCL,476,003,476,LPZ1001478,NPAY,003,U,E,10%적립 (7GB+/통화기본),USIM/ESIM,10%적립 (7GB+/통화기본),7GB,기본제공,기본제공,,17900,N포인트적립,,,https://www.uplusumobile.com/product/pric/pricDetail?seq=476&upPpnCd=NPAY&devKdCd=003,
uplusumobile,usim,SPCL,477,003,477,LPZ1001501,NPAY,003,U,E,10%적립 (4.5GB+/통화기본),USIM/ESIM,10%적립 (4.5GB+/통화기본),4.5GB,기본제공,기본제공,,15200,N포인트적립,,,https://www.uplusumobile.com/product/pric/pricDetail?seq=477&upPpnCd=NPAY&devKdCd=003,
uplusumobile,usim,SPCL,478,003,478,LPZ1001510,NPAY,003,U,E,10%적립 (1GB+/통화기본),USIM/ESIM,10%적립 (1GB+/통화기본),1GB,기본제공,기본제공,,10300,N포인트적립,,,https://www.uplusumobile.com/product/pric/pricDetail?seq=478&upPpnCd=NPAY&devKdCd=003,
uplusumobile,usim,SPCL,490,003,490,LPZ1000013,USIMS,003,U,E,시니어 (4GB+/통화기본),USIM/ESIM,시니어 (4GB+/통화기본),4GB,기본제공,기본제공,22100,8900,만65세 이상 가입 가능,,,https://www.uplusumobile.com/product/pric/pricDetail?seq=490&upPpnCd=USIMS&devKdCd=003,
uplusumobile,usim,SPCL,489,003,489,LPZ1000014,USIMS,003,U,E,시니어 (2GB+/통화기본),USIM/ESIM,시니어 (2GB+/통화기본),2GB,기본제공,기본제공,19000,6900,만65세 이상 가입 가능,,,https://www.uplusumobile.com/product/pric/pricDetail?seq=489&upPpnCd=USIMS&devKdCd=003,
uplusumobile,usim,SPCL,245,003,245,LPZ0017200,USIMS,003,U,E,시니어 (1GB+/100분),USIM/ESIM,시니어 (1GB+/100분),1GB,100분,100건,9300,3900,만65세 이상 가입 가능,,,https://www.uplusumobile.com/product/pric/pricDetail?seq=245&upPpnCd=USIMS&devKdCd=003,
uplusumobile,usim,SPCL,491,003,491,LPZ1000016,USIMJ,003,U,E,틴에이저 (4.5GB+/통화기본),USIM/ESIM,틴에이저 (4.5GB+/통화기본),4.5GB,기본제공,기본제공,32700,12900,만18세 이하 가입 가능,,,https://www.uplusumobile.com/product/pric/pricDetail?seq=491&upPpnCd=USIMJ&devKdCd=003,
uplusumobile,usim,SPCL,492,003,492,LPZ1000019,USIMJ,003,U,E,틴에이저 (1GB+/통화기본),USIM/ESIM,틴에이저 (1GB+/통화기본),1GB,기본제공,기본제공,25400,8900,만18세 이하 가입 가능,,,https://www.uplusumobile.com/product/pric/pricDetail?seq=492&upPpnCd=USIMJ&devKdCd=003,
uplusumobile,usim,SPCL,493,003,493,LPZ1000021,USIMJ,003,U,E,틴에이저 (1GB+/100분),USIM/ESIM,틴에이저 (1GB+/100분),1GB,100분,100건,17900,6900,만18세 이하 가입 가능,,,https://www.uplusumobile.com/product/pric/pricDetail?seq=493&upPpnCd=USIMJ&devKdCd=003,
uplusumobile,usim,SPCL,253,003,253,LPZ0002680,USIMZ,003,U,E,이십세 스페셜,USIM/ESIM,이십세 스페셜,11GB+일2GB,기본제공,기본제공,49390,33900,20대전용,,,https://www.uplusumobile.com/product/pric/pricDetail?seq=253&upPpnCd=USIMZ&devKdCd=003,
uplusumobile,usim,SPCL,272,003,272,LPZ0017611,USIMZ,003,U,E,이십세 (15GB+/300분),USIM/ESIM,이십세 (15GB+/300분),15GB,300분,300건,55000,27450,20대전용,,,https://www.uplusumobile.com/product/pric/pricDetail?seq=272&upPpnCd=USIMZ&devKdCd=003,
uplusumobile,usim,SPCL,479,003,479,LPZ1001496,USIMZ,003,U,E,이십세 (10GB+/500분),USIM/ESIM,이십세 (10GB+/500분),10GB,500분,500건,30700,17500,20대전용,,,https://www.uplusumobile.com/product/pric/pricDetail?seq=479&upPpnCd=USIMZ&devKdCd=003,
uplusumobile,usim,SPCL,480,003,480,LPZ1001479,USIMZ,003,U,E,이십세 (7GB+/통화기본),USIM/ESIM,이십세 (7GB+/통화기본),7GB,기본제공,기본제공,40000,17300,20대전용,,,https://www.uplusumobile.com/product/pric/pricDetail?seq=480&upPpnCd=USIMZ&devKdCd=003,
uplusumobile,usim,SPCL,481,003,481,LPZ1001505,USIMZ,003,U,E,이십세 (4.5GB+/통화기본),USIM/ESIM,이십세 (4.5GB+/통화기본),4.5GB,기본제공,기본제공,36010,13900,20대전용,,,https://www.uplusumobile.com/product/pric/pricDetail?seq=481&upPpnCd=USIMZ&devKdCd=003,
uplusumobile,usim,SPCL,482,003,482,LPZ1001513,USIMZ,003,U,E,이십세 (1GB+/통화기본),USIM/ESIM,이십세 (1GB+/통화기본),1GB,기본제공,기본제공,25850,9900,20대전용,,,https://www.uplusumobile.com/product/pric/pricDetail?seq=482&upPpnCd=USIMZ&devKdCd=003,
uplusumobile,usim,SPCL,103,003,103,LPZ0016351,UPAD,003,U,E,데이터만 20GB,USIM/ESIM,데이터만 20GB,20GB,미제공,미제공,14300,11880,태블릿전용,,,https://www.uplusumobile.com/product/pric/pricDetail?seq=103&upPpnCd=UPAD&devKdCd=003,
uplusumobile,usim,SPCL,102,003,102,LPZ0016345,UPAD,003,U,E,데이터만 10GB,USIM/ESIM,데이터만 10GB,10GB,미제공,미제공,11000,9900,태블릿전용,,,https://www.uplusumobile.com/product/pric/pricDetail?seq=102&upPpnCd=UPAD&devKdCd=003,
uplusumobile,usim,5G,189,003,189,LPZ0016138,U012,003,U,E,5G 스페셜 프로,USIM/ESIM,5G 스페셜 프로,180GB,기본제공,기본제공,61900,50500,,,,https://www.uplusumobile.com/product/pric/pricDetail?seq=189&upPpnCd=U012&devKdCd=003,
uplusumobile,usim,5G,270,003,270,LPZ0017502,U012,003,U,E,5G 스페셜,USIM/ESIM,5G 스페셜,150GB,기본제공,기본제공,58700,47300,,,,https://www.uplusumobile.com/product/pric/pricDetail?seq=270&upPpnCd=U012&devKdCd=003,
uplusumobile,usim,5G,431,003,431,LPZ0012197,U022,003,U,E,5G (125GB+/통화기본),USIM/ESIM,5G (125GB+/통화기본),125GB,기본제공,기본제공,54500,42100,,,,https://www.uplusumobile.com/product/pric/pricDetail?seq=431&upPpnCd=U022&devKdCd=003,
uplusumobile,usim,5G,430,003,430,LPZ0012201,U022,003,U,E,5G (95GB+/통화기본),USIM/ESIM,5G (95GB+/통화기본),95GB,기본제공,기본제공,53000,40900,,,,https://www.uplusumobile.com/product/pric/pricDetail?seq=430&upPpnCd=U022&devKdCd=003,
uplusumobile,usim,5G,429,003,429,LPZ0012204,U022,003,U,E,5G (80GB+/통화기본),USIM/ESIM,5G (80GB+/통화기본),80GB,기본제공,기본제공,52000,39700,,,,https://www.uplusumobile.com/product/pric/pricDetail?seq=429&upPpnCd=U022&devKdCd=003,
uplusumobile,usim,5G,428,003,428,LPZ0012208,U022,003,U,E,5G (50GB+/통화기본),USIM/ESIM,5G (50GB+/통화기본),50GB,기본제공,기본제공,50000,37850,,,,https://www.uplusumobile.com/product/pric/pricDetail?seq=428&upPpnCd=U022&devKdCd=003,
uplusumobile,usim,5G,416,003,416,LPZ0019749,U011,003,U,E,5G (31GB+/통화기본),USIM/ESIM,5G (31GB+/통화기본),31GB,기본제공,기본제공,48300,36650,,,,https://www.uplusumobile.com/product/pric/pricDetail?seq=416&upPpnCd=U011&devKdCd=003,
uplusumobile,usim,5G,533,003,533,LPZ1004465,U011,003,U,E,5G (14GB+/통화기본),USIM/ESIM,5G (14GB+/통화기본),14GB,기본제공,기본제공,42600,33010,,,,https://www.uplusumobile.com/product/pric/pricDetail?seq=533&upPpnCd=U011&devKdCd=003,
uplusumobile,usim,5G,280,003,280,LPZ0017721,U011,003,U,E,5G (10GB/통화기본),USIM/ESIM,5G (10GB/통화기본),10GB,기본제공,기본제공,35200,12500,,,,https://www.uplusumobile.com/product/pric/pricDetail?seq=280&upPpnCd=U011&devKdCd=003,
uplusumobile,usim,5G,282,003,282,LPZ0017719,U010,003,U,E,5G (5GB/통화기본),USIM/ESIM,5G (5GB/통화기본),5GB,기본제공,기본제공,27700,10900,,,,https://www.uplusumobile.com/product/pric/pricDetail?seq=282&upPpnCd=U010&devKdCd=003,
uplusumobile,usim,5G,462,003,462,LPZ1001092,U010,003,U,E,5G (4GB/통화기본),USIM/ESIM,5G (4GB/통화기본),4GB,기본제공,기본제공,25300,8800,,,,https://www.uplusumobile.com/product/pric/pricDetail?seq=462&upPpnCd=U010&devKdCd=003,
uplusumobile,usim,5G,463,003,463,LPZ1001094,U010,003,U,E,5G (3GB/통화기본),USIM/ESIM,5G (3GB/통화기본),3GB,기본제공,기본제공,24400,7900,,,,https://www.uplusumobile.com/product/pric/pricDetail?seq=463&upPpnCd=U010&devKdCd=003,
uplusumobile,usim,5G,464,003,464,LPZ1001096,U010,003,U,E,5G (2GB/통화기본),USIM/ESIM,5G (2GB/통화기본),2GB,기본제공,기본제공,23800,7300,,,,https://www.uplusumobile.com/product/pric/pricDetail?seq=464&upPpnCd=U010&devKdCd=003,
uplusumobile,usim,5G,412,003,412,LPZ0019675,U011,003,U,E,5G (15GB/200분),USIM/ESIM,5G (15GB/200분),15GB,200분,100건,37000,17900,,,,https://www.uplusumobile.com/product/pric/pricDetail?seq=412&upPpnCd=U011&devKdCd=003,
uplusumobile,usim,5G,281,003,281,LPZ0017727,U011,003,U,E,5G (10GB/200분),USIM/ESIM,5G (10GB/200분),10GB,200분,100건,30800,11500,,,,https://www.uplusumobile.com/product/pric/pricDetail?seq=281&upPpnCd=U011&devKdCd=003,
uplusumobile,usim,5G,283,003,283,LPZ0017728,U010,003,U,E,5G (5GB/200분),USIM/ESIM,5G (5GB/200분),5GB,200분,100건,24200,8900,,,,https://www.uplusumobile.com/product/pric/pricDetail?seq=283&upPpnCd=U010&devKdCd=003,
uplusumobile,phone,LTE,319,001,319,LPZ0018384,H012,001,U,E,[휴대폰] LTE 스페셜 프로,PHONE,[휴대폰] LTE 스페셜 프로,일5GB,기본제공,기본제공,,65900,5Mbps,,,https://www.uplusumobile.com/product/pric/pricDetail?seq=319&upPpnCd=H012&devKdCd=001,
uplusumobile,phone,LTE,11,001,11,LPZ0000201,H012,001,U,E,[휴대폰] LTE 스페셜,PHONE,[휴대폰] LTE 스페셜,11GB+일2GB,기본제공,기본제공,60390,49000,3Mbps,,,https://www.uplusumobile.com/product/pric/pricDetail?seq=11&upPpnCd=H012&devKdCd=001,
uplusumobile,phone,LTE,459,001,459,LPZ1000693,H011,001,U,E,[휴대폰] LTE (15GB+/통화기본),PHONE,[휴대폰] LTE (15GB+/통화기본),15GB,기본제공,기본제공,,39900,문자기본제공|+1Mbps|통화무제한,,,https://www.uplusumobile.com/product/pric/pricDetail?seq=459&upPpnCd=H011&devKdCd=001,
uplusumobile,phone,LTE,460,001,460,LPZ1000697,H010,001,U,E,[휴대폰] LTE (10GB+/통화기본),PHONE,[휴대폰] LTE (10GB+/통화기본),10GB,기본제공,기본제공,,36900,문자기본제공|+1Mbps|통화무제한,,,https://www.uplusumobile.com/product/pric/pricDetail?seq=460&upPpnCd=H010&devKdCd=001,
uplusumobile,phone,LTE,360,001,360,LPZ0019031,H017,001,U,E,[휴대폰] LTE (7GB+/통화기본),PHONE,[휴대폰] LTE (7GB+/통화기본),7GB,기본제공,기본제공,39900,33000,+1Mbps,,,https://www.uplusumobile.com/product/pric/pricDetail?seq=360&upPpnCd=H017&devKdCd=001,
uplusumobile,phone,LTE,550,001,550,LPZ1004923,H007,001,U,E,[휴대폰] LTE (4.5GB+/통화기본),PHONE,[휴대폰] LTE (4.5GB+/통화기본),4.5GB,기본제공,기본제공,40000,28900,문자기본제공|+1Mbps|통화무제한,,,https://www.uplusumobile.com/product/pric/pricDetail?seq=550&upPpnCd=H007&devKdCd=001,
uplusumobile,phone,LTE,461,001,461,LPZ1000699,H003,001,U,E,[휴대폰] LTE (1GB+/통화기본),PHONE,[휴대폰] LTE (1GB+/통화기본),1GB,기본제공,기본제공,,24900,문자기본제공|+1Mbps|통화무제한,,,https://www.uplusumobile.com/product/pric/pricDetail?seq=461&upPpnCd=H003&devKdCd=001,
uplusumobile,phone,LTE,112,001,112,LPZ0015024,H011,001,U,E,[휴대폰] LTE (15GB+/100분),PHONE,[휴대폰] LTE (15GB+/100분),15GB,100분,100건,,45900,3Mbps,,,https://www.uplusumobile.com/product/pric/pricDetail?seq=112&upPpnCd=H011&devKdCd=001,
uplusumobile,phone,LTE,257,001,257,LPZ0017368,H010,001,U,E,[휴대폰] LTE (10GB+/200분),PHONE,[휴대폰] LTE (10GB+/200분),10GB,200분,100건,,36900,+1Mbps,,,https://www.uplusumobile.com/product/pric/pricDetail?seq=257&upPpnCd=H010&devKdCd=001,
uplusumobile,phone,LTE,364,001,364,LPZ0019025,H007,001,U,E,[휴대폰] LTE (4.5GB/통화기본),PHONE,[휴대폰] LTE (4.5GB/통화기본),4.5GB,기본제공,기본제공,,32900,통화무제한,,,https://www.uplusumobile.com/product/pric/pricDetail?seq=364&upPpnCd=H007&devKdCd=001,
uplusumobile,phone,LTE,365,001,365,LPZ0019036,H004,001,U,E,[휴대폰] LTE (1.5GB/통화기본),PHONE,[휴대폰] LTE (1.5GB/통화기본),1.5GB,기본제공,기본제공,,25900,통화무제한,,,https://www.uplusumobile.com/product/pric/pricDetail?seq=365&upPpnCd=H004&devKdCd=001,
uplusumobile,phone,LTE,361,001,361,LPZ0019038,H006,001,U,E,[휴대폰] LTE (4GB/200분),PHONE,[휴대폰] LTE (4GB/200분),4GB,200분,100건,,29900,,,,https://www.uplusumobile.com/product/pric/pricDetail?seq=361&upPpnCd=H006&devKdCd=001,
uplusumobile,phone,LTE,362,001,362,LPZ0019033,H005,001,U,E,[휴대폰] LTE (2GB/120분),PHONE,[휴대폰] LTE (2GB/120분),2GB,120분,100건,20900,19000,,,,https://www.uplusumobile.com/product/pric/pricDetail?seq=362&upPpnCd=H005&devKdCd=001,
uplusumobile,phone,LTE,531,001,531,LPZ1004396,H_DATA0GB,001,U,E,[휴대폰] 데이터차단 (0GB/통화기본),PHONE,[휴대폰] 데이터차단 (0GB/통화기본),미제공,기본제공,기본제공,,24900,디지털 디톡스,,,https://www.uplusumobile.com/product/pric/pricDetail?seq=531&upPpnCd=H_DATA0GB&devKdCd=001,
uplusumobile,phone,5G,303,001,303,LPZ0017819,H016,001,U,E,[휴대폰] 5G 스페셜 프로,PHONE,[휴대폰] 5G 스페셜 프로,180GB,기본제공,기본제공,,74000,10Mbps,,,https://www.uplusumobile.com/product/pric/pricDetail?seq=303&upPpnCd=H016&devKdCd=001,
uplusumobile,phone,5G,288,001,288,LPZ0017822,H016,001,U,E,[휴대폰] 5G 스페셜,PHONE,[휴대폰] 5G 스페셜,150GB,기본제공,기본제공,,69000,5Mbps,,,https://www.uplusumobile.com/product/pric/pricDetail?seq=288&upPpnCd=H016&devKdCd=001,
uplusumobile,phone,5G,440,001,440,LPZ0012200,H024,001,U,E,[휴대폰] 5G (125GB+/통화기본),PHONE,[휴대폰] 5G (125GB+/통화기본),125GB,기본제공,기본제공,,65000,,,,https://www.uplusumobile.com/product/pric/pricDetail?seq=440&upPpnCd=H024&devKdCd=001,
uplusumobile,phone,5G,439,001,439,LPZ0012199,H024,001,U,E,[휴대폰] 5G (95GB+/통화기본),PHONE,[휴대폰] 5G (95GB+/통화기본),95GB,기본제공,기본제공,,63000,,,,https://www.uplusumobile.com/product/pric/pricDetail?seq=439&upPpnCd=H024&devKdCd=001,
uplusumobile,phone,5G,438,001,438,LPZ0012206,H024,001,U,E,[휴대폰] 5G (80GB+/통화기본),PHONE,[휴대폰] 5G (80GB+/통화기본),80GB,기본제공,기본제공,,61000,,,,https://www.uplusumobile.com/product/pric/pricDetail?seq=438&upPpnCd=H024&devKdCd=001,
uplusumobile,phone,5G,437,001,437,LPZ0012205,H024,001,U,E,[휴대폰] 5G (50GB+/통화기본),PHONE,[휴대폰] 5G (50GB+/통화기본),50GB,기본제공,기본제공,,58000,,,,https://www.uplusumobile.com/product/pric/pricDetail?seq=437&upPpnCd=H024&devKdCd=001,
uplusumobile,phone,5G,417,001,417,LPZ0019741,H015,001,U,E,[휴대폰] 5G (31GB+/통화기본),PHONE,[휴대폰] 5G (31GB+/통화기본),31GB,기본제공,기본제공,,55000,+1Mbps,,,https://www.uplusumobile.com/product/pric/pricDetail?seq=417&upPpnCd=H015&devKdCd=001,
uplusumobile,phone,5G,534,001,534,LPZ1004466,H015,001,U,E,[휴대폰] 5G (14GB+/통화기본),PHONE,[휴대폰] 5G (14GB+/통화기본),14GB,기본제공,기본제공,,50000,,,,https://www.uplusumobile.com/product/pric/pricDetail?seq=534&upPpnCd=H015&devKdCd=001,
uplusumobile,phone,5G,345,001,345,LPZ0018649,H015,001,U,E,[휴대폰] 5G (10GB/3000분),PHONE,[휴대폰] 5G (10GB/3000분),10GB,3000분,1000건,39000,30200,,,,https://www.uplusumobile.com/product/pric/pricDetail?seq=345&upPpnCd=H015&devKdCd=001,
uplusumobile,phone,5G,346,001,346,LPZ0018652,H014,001,U,E,[휴대폰] 5G (5GB/3000분),PHONE,[휴대폰] 5G (5GB/3000분),5GB,3000분,1000건,32000,25400,,,,https://www.uplusumobile.com/product/pric/pricDetail?seq=346&upPpnCd=H014&devKdCd=001,
uplusumobile,phone,5G,290,001,290,LPZ0017830,H015,001,U,E,[휴대폰] 5G (10GB/200분),PHONE,[휴대폰] 5G (10GB/200분),10GB,200분,100건,34000,28500,,,,https://www.uplusumobile.com/product/pric/pricDetail?seq=290&upPpnCd=H015&devKdCd=001,
uplusumobile,phone,5G,291,001,291,LPZ0017834,H014,001,U,E,[휴대폰] 5G (5GB/200분),PHONE,[휴대폰] 5G (5GB/200분),5GB,200분,100건,29000,23500,,,,https://www.uplusumobile.com/product/pric/pricDetail?seq=291&upPpnCd=H014&devKdCd=001,
uplusumobile,phone,5G,292,001,292,LPZ0017817,H013,001,U,E,[휴대폰] 5G (2GB/120분),PHONE,[휴대폰] 5G (2GB/120분),2GB,120분,100건,21000,19900,,,,https://www.uplusumobile.com/product/pric/pricDetail?seq=292&upPpnCd=H013&devKdCd=001,
uplusumobile,phone,SPCL,548,001,548,LPZ1004786,H_DATAPLUS,001,U,E,[휴대폰] 데이터플러스 (15GB+/통화기본),PHONE,[휴대폰] 데이터플러스 (15GB+/통화기본),(15+10)GB,기본제공,기본제공,50000,40900,BEST|NEW|매월데이터10GB추가,,,https://www.uplusumobile.com/product/pric/pricDetail?seq=548&upPpnCd=H_DATAPLUS&devKdCd=001,
uplusumobile,phone,SPCL,549,001,549,LPZ1004787,H_DATAPLUS,001,U,E,[휴대폰] 데이터플러스 (7GB+/통화기본),PHONE,[휴대폰] 데이터플러스 (7GB+/통화기본),(7+10)GB,기본제공,기본제공,41400,34900,BEST|NEW|매월데이터10GB추가,,,https://www.uplusumobile.com/product/pric/pricDetail?seq=549&upPpnCd=H_DATAPLUS&devKdCd=001,
uplusumobile,phone,SPCL,527,001,527,LPZ1004180,TEENS_LTE,001,U,E,갤럭시틴즈 LTE (10GB+/통화기본),PHONE,갤럭시틴즈 LTE (10GB+/통화기본),10GB,기본제공,기본제공,,36900,틴즈,,,https://www.uplusumobile.com/product/pric/pricDetail?seq=527&upPpnCd=TEENS_LTE&devKdCd=001,
uplusumobile,phone,SPCL,528,001,528,LPZ1004181,TEENS_LTE,001,U,E,갤럭시틴즈 LTE (6GB+/통화기본),PHONE,갤럭시틴즈 LTE (6GB+/통화기본),6GB,기본제공,기본제공,,33000,틴즈,,,https://www.uplusumobile.com/product/pric/pricDetail?seq=528&upPpnCd=TEENS_LTE&devKdCd=001,
uplusumobile,phone,SPCL,529,001,529,LPZ1004182,TEENS_LTE,001,U,E,갤럭시틴즈 LTE (1GB+/통화기본),PHONE,갤럭시틴즈 LTE (1GB+/통화기본),1GB,기본제공,기본제공,,24900,틴즈,,,https://www.uplusumobile.com/product/pric/pricDetail?seq=529&upPpnCd=TEENS_LTE&devKdCd=001,
uplusumobile,phone,SPCL,90,001,90,LPZ0002255,TEEN,001,U,E,[휴대폰] 청소년 (750MB+/통화기본),PHONE,[휴대폰] 청소년 (750MB+/통화기본),750MB,기본제공,기본제공,,32890,,,,https://www.uplusumobile.com/product/pric/pricDetail?seq=90&upPpnCd=TEEN&devKdCd=001,
uplusumobile,phone,SPCL,16,001,16,LPZ0001789,H017,001,U,E,[휴대폰] 복지(750MB/160분),PHONE,[휴대폰] 복지(750MB/160분),750MB,160분,200건,,30800,,,,https://www.uplusumobile.com/product/pric/pricDetail?seq=16&upPpnCd=H017&devKdCd=001,
uplusumobile,phone,SPCL,120,001,120,LPZ0015032,H017,001,U,E,[휴대폰] 알뜰한(2GB/200분),PHONE,[휴대폰] 알뜰한(2GB/200분),2GB,200분,100건,,29500,,,,https://www.uplusumobile.com/product/pric/pricDetail?seq=120&upPpnCd=H017&devKdCd=001,
uplusumobile,phone,SPCL,121,001,121,LPZ0015027,H017,001,U,E,[휴대폰] 알뜰한(1GB/120분),PHONE,[휴대폰] 알뜰한(1GB/120분),1GB,120분,100건,,24500,,,,https://www.uplusumobile.com/product/pric/pricDetail?seq=121&upPpnCd=H017&devKdCd=001,
uplusumobile,phone,SPCL,118,001,118,LPZ0015034,H017,001,U,E,[휴대폰] 알뜰한(300MB/90분),PHONE,[휴대폰] 알뜰한(300MB/90분),300MB,90분,100건,,18500,,,,https://www.uplusumobile.com/product/pric/pricDetail?seq=118&upPpnCd=H017&devKdCd=001,
