prodCd,refCode,searchCallPlanType,searchOrderby,title,badges,data,voice,sms,price_base,price_promo,url
PD00000006,PHONE,PROD_LTE_TYPE_ALL,4,소리사랑11,3G|통화편의|통화편의|개인정보보호,0MB,150분,50건,,12100,https://www.sk7mobile.com/prod/data/callingPlanView.do?refCode=PHONE&searchCallPlanType=PROD_LTE_TYPE_ALL&prodCd=PD00000006
PD00000081,PHONE,PROD_LTE_TYPE_ALL,4,NEW 키즈표준,3G|청소년보호|청소년보호|개인정보보호|통화편의,,,,,11000,https://www.sk7mobile.com/prod/data/callingPlanView.do?refCode=PHONE&searchCallPlanType=PROD_LTE_TYPE_ALL&prodCd=PD00000081
PD00000082,PHONE,PROD_LTE_TYPE_ALL,4,청소년 (구 공부의신),3G|추천|청소년보호|청소년보호|개인정보보호|통화편의,,,,,20900,https://www.sk7mobile.com/prod/data/callingPlanView.do?refCode=PHONE&searchCallPlanType=PROD_LTE_TYPE_ALL&prodCd=PD00000082
PD00000083,PHONE,PROD_LTE_TYPE_ALL,4,NEW 청소년34,3G|추천|청소년보호|통화편의|개인정보보호,,,,37400,25300,https://www.sk7mobile.com/prod/data/callingPlanView.do?refCode=PHONE&searchCallPlanType=PROD_LTE_TYPE_ALL&prodCd=PD00000083
PD00000084,PHONE,PROD_LTE_TYPE_ALL,4,LTE 청소년 데이터,LTE|청소년보호|청소년보호|청소년보호|통화편의,,,,,26400,https://www.sk7mobile.com/prod/data/callingPlanView.do?refCode=PHONE&searchCallPlanType=PROD_LTE_TYPE_ALL&prodCd=PD00000084
PD00000085,PHONE,PROD_LTE_TYPE_ALL,4,NEW 청소년LTE34,LTE|추천|청소년보호|청소년보호|청소년보호|통화편의,,,,37400,29700,https://www.sk7mobile.com/prod/data/callingPlanView.do?refCode=PHONE&searchCallPlanType=PROD_LTE_TYPE_ALL&prodCd=PD00000085
PD00000114,PHONE,PROD_LTE_TYPE_ALL,4,표준,3G|통화편의|통화편의|개인정보보호,0MB,0분,0건,,9790,https://www.sk7mobile.com/prod/data/callingPlanView.do?refCode=PHONE&searchCallPlanType=PROD_LTE_TYPE_ALL&prodCd=PD00000114
PD00000129,PHONE,PROD_LTE_TYPE_ALL,4,데이터중심300MB_3G,3G|통화편의|통화편의|개인정보보호,300MB,기본제공,기본제공,,31790,https://www.sk7mobile.com/prod/data/callingPlanView.do?refCode=PHONE&searchCallPlanType=PROD_LTE_TYPE_ALL&prodCd=PD00000129
PD00000130,PHONE,PROD_LTE_TYPE_ALL,4,데이터중심1.2GB_3G,3G|통화편의|통화편의|개인정보보호,1.2GB,기본제공,기본제공,,36300,https://www.sk7mobile.com/prod/data/callingPlanView.do?refCode=PHONE&searchCallPlanType=PROD_LTE_TYPE_ALL&prodCd=PD00000130
PD00000131,PHONE,PROD_LTE_TYPE_ALL,4,데이터중심2.2GB_3G,3G|추천|통화편의|통화편의|개인정보보호,2.2GB,기본제공,기본제공,,42900,https://www.sk7mobile.com/prod/data/callingPlanView.do?refCode=PHONE&searchCallPlanType=PROD_LTE_TYPE_ALL&prodCd=PD00000131
PD00000132,PHONE,PROD_LTE_TYPE_ALL,4,데이터중심3.5GB_3G,3G|통화편의|통화편의|개인정보보호,3.5GB,기본제공,기본제공,,48400,https://www.sk7mobile.com/prod/data/callingPlanView.do?refCode=PHONE&searchCallPlanType=PROD_LTE_TYPE_ALL&prodCd=PD00000132
PD00000133,PHONE,PROD_LTE_TYPE_ALL,4,데이터중심6.5GB_3G,3G|통화편의|통화편의|개인정보보호,6.5GB,기본제공,기본제공,,52800,https://www.sk7mobile.com/prod/data/callingPlanView.do?refCode=PHONE&searchCallPlanType=PROD_LTE_TYPE_ALL&prodCd=PD00000133
PD00000134,PHONE,PROD_LTE_TYPE_ALL,4,데이터중심300MB_LTE,LTE|통화편의|통화편의|개인정보보호,300MB,기본제공,기본제공,,31790,https://www.sk7mobile.com/prod/data/callingPlanView.do?refCode=PHONE&searchCallPlanType=PROD_LTE_TYPE_ALL&prodCd=PD00000134
PD00000135,PHONE,PROD_LTE_TYPE_ALL,4,데이터중심1.2GB_LTE,LTE|통화편의|통화편의|개인정보보호,1.2GB,기본제공,기본제공,,36300,https://www.sk7mobile.com/prod/data/callingPlanView.do?refCode=PHONE&searchCallPlanType=PROD_LTE_TYPE_ALL&prodCd=PD00000135
PD00000136,PHONE,PROD_LTE_TYPE_ALL,4,데이터중심2.2GB_LTE,LTE|통화편의|통화편의|개인정보보호,2.2GB,기본제공,기본제공,,42900,https://www.sk7mobile.com/prod/data/callingPlanView.do?refCode=PHONE&searchCallPlanType=PROD_LTE_TYPE_ALL&prodCd=PD00000136
PD00000137,PHONE,PROD_LTE_TYPE_ALL,4,데이터중심3.5GB_LTE,LTE|통화편의|통화편의|개인정보보호,3.5GB,기본제공,기본제공,,48400,https://www.sk7mobile.com/prod/data/callingPlanView.do?refCode=PHONE&searchCallPlanType=PROD_LTE_TYPE_ALL&prodCd=PD00000137
PD00000138,PHONE,PROD_LTE_TYPE_ALL,4,데이터중심6.5GB_LTE,LTE|통화편의|통화편의|개인정보보호,6.5GB,기본제공,기본제공,,52800,https://www.sk7mobile.com/prod/data/callingPlanView.do?refCode=PHONE&searchCallPlanType=PROD_LTE_TYPE_ALL&prodCd=PD00000138
PD00000142,PHONE,PROD_LTE_TYPE_ALL,4,데이터중심11GB_3G,3G|통화편의|통화편의|개인정보보호,11GB,기본제공,기본제공,,62700,https://www.sk7mobile.com/prod/data/callingPlanView.do?refCode=PHONE&searchCallPlanType=PROD_LTE_TYPE_ALL&prodCd=PD00000142
PD00000145,PHONE,PROD_LTE_TYPE_ALL,4,데이터중심11GB_LTE,LTE|통화편의|통화편의|개인정보보호,11GB,기본제공,기본제공,,62700,https://www.sk7mobile.com/prod/data/callingPlanView.do?refCode=PHONE&searchCallPlanType=PROD_LTE_TYPE_ALL&prodCd=PD00000145
PD00000209,PHONE,PROD_LTE_TYPE_ALL,4,LTE 온라인 500MB,LTE|통화편의|통화편의|개인정보보호,500MB,30분,0건,22000,11000,https://www.sk7mobile.com/prod/data/callingPlanView.do?refCode=PHONE&searchCallPlanType=PROD_LTE_TYPE_ALL&prodCd=PD00000209
PD00000210,PHONE,PROD_LTE_TYPE_ALL,4,LTE 온라인 1GB,LTE|통화편의|통화편의|개인정보보호,1GB,50분,0건,27500,16500,https://www.sk7mobile.com/prod/data/callingPlanView.do?refCode=PHONE&searchCallPlanType=PROD_LTE_TYPE_ALL&prodCd=PD00000210
PD00000211,PHONE,PROD_LTE_TYPE_ALL,4,LTE 온라인 2GB,LTE|통화편의|통화편의|개인정보보호,2GB,80분,50건,33000,22000,https://www.sk7mobile.com/prod/data/callingPlanView.do?refCode=PHONE&searchCallPlanType=PROD_LTE_TYPE_ALL&prodCd=PD00000211
PD00000212,PHONE,PROD_LTE_TYPE_ALL,4,LTE 온라인 3GB,LTE|통화편의|통화편의|개인정보보호,3GB,120분,50건,38500,27500,https://www.sk7mobile.com/prod/data/callingPlanView.do?refCode=PHONE&searchCallPlanType=PROD_LTE_TYPE_ALL&prodCd=PD00000212
PD00000213,PHONE,PROD_LTE_TYPE_ALL,4,공부 Level 1,3G|통화편의|통화편의|개인정보보호,,,,,17600,https://www.sk7mobile.com/prod/data/callingPlanView.do?refCode=PHONE&searchCallPlanType=PROD_LTE_TYPE_ALL&prodCd=PD00000213
PD00000214,PHONE,PROD_LTE_TYPE_ALL,4,공부 Level 2,3G|통화편의|통화편의|개인정보보호,,,,,23100,https://www.sk7mobile.com/prod/data/callingPlanView.do?refCode=PHONE&searchCallPlanType=PROD_LTE_TYPE_ALL&prodCd=PD00000214
PD00000215,PHONE,PROD_LTE_TYPE_ALL,4,공부 Level 3,3G|통화편의|통화편의|개인정보보호,,,,,28600,https://www.sk7mobile.com/prod/data/callingPlanView.do?refCode=PHONE&searchCallPlanType=PROD_LTE_TYPE_ALL&prodCd=PD00000215
PD00000217,PHONE,PROD_LTE_TYPE_ALL,4,3G 착한 음성,3G|통화편의|통화편의|개인정보보호,200MB,90분,0건,22000,16500,https://www.sk7mobile.com/prod/data/callingPlanView.do?refCode=PHONE&searchCallPlanType=PROD_LTE_TYPE_ALL&prodCd=PD00000217
PD00000223,PHONE,PROD_LTE_TYPE_ALL,4,LTE 공부 Level 1,LTE|통화편의|통화편의|개인정보보호,,,,,23100,https://www.sk7mobile.com/prod/data/callingPlanView.do?refCode=PHONE&searchCallPlanType=PROD_LTE_TYPE_ALL&prodCd=PD00000223
PD00000224,PHONE,PROD_LTE_TYPE_ALL,4,LTE 공부 Level 2,LTE|추천|통화편의|통화편의|개인정보보호,,,,,28600,https://www.sk7mobile.com/prod/data/callingPlanView.do?refCode=PHONE&searchCallPlanType=PROD_LTE_TYPE_ALL&prodCd=PD00000224
PD00000225,PHONE,PROD_LTE_TYPE_ALL,4,LTE 온라인 4.5GB,LTE|통화편의|통화편의|개인정보보호,4.5GB,150분,50건,44000,33000,https://www.sk7mobile.com/prod/data/callingPlanView.do?refCode=PHONE&searchCallPlanType=PROD_LTE_TYPE_ALL&prodCd=PD00000225
PD00000226,PHONE,PROD_LTE_TYPE_ALL,4,LTE 온라인 6GB,LTE|추천|통화편의|통화편의|개인정보보호,6GB,150분,50건,49500,38500,https://www.sk7mobile.com/prod/data/callingPlanView.do?refCode=PHONE&searchCallPlanType=PROD_LTE_TYPE_ALL&prodCd=PD00000226
PD00000227,PHONE,PROD_LTE_TYPE_ALL,4,LTE 온라인 음성 S6,LTE|통화편의|통화편의|개인정보보호,1GB,240분,50건,31900,26400,https://www.sk7mobile.com/prod/data/callingPlanView.do?refCode=PHONE&searchCallPlanType=PROD_LTE_TYPE_ALL&prodCd=PD00000227
PD00000228,PHONE,PROD_LTE_TYPE_ALL,4,LTE 온라인 음성 S5,LTE|통화편의|통화편의|개인정보보호,500MB,180분,50건,28600,23100,https://www.sk7mobile.com/prod/data/callingPlanView.do?refCode=PHONE&searchCallPlanType=PROD_LTE_TYPE_ALL&prodCd=PD00000228
PD00000229,PHONE,PROD_LTE_TYPE_ALL,4,LTE 온라인 음성 S4,LTE|통화편의|통화편의|개인정보보호,300MB,150분,50건,25300,19800,https://www.sk7mobile.com/prod/data/callingPlanView.do?refCode=PHONE&searchCallPlanType=PROD_LTE_TYPE_ALL&prodCd=PD00000229
PD00000230,PHONE,PROD_LTE_TYPE_ALL,4,LTE 온라인 음성 S3,LTE|추천|통화편의|통화편의|개인정보보호,300MB,120분,50건,22000,16500,https://www.sk7mobile.com/prod/data/callingPlanView.do?refCode=PHONE&searchCallPlanType=PROD_LTE_TYPE_ALL&prodCd=PD00000230
PD00000231,PHONE,PROD_LTE_TYPE_ALL,4,LTE 온라인 음성 S2,LTE|추천|통화편의|통화편의|개인정보보호,100MB,90분,50건,18700,13200,https://www.sk7mobile.com/prod/data/callingPlanView.do?refCode=PHONE&searchCallPlanType=PROD_LTE_TYPE_ALL&prodCd=PD00000231
PD00000232,PHONE,PROD_LTE_TYPE_ALL,4,LTE 온라인 음성 S1,LTE|통화편의|통화편의|개인정보보호,100MB,60분,50건,15400,9900,https://www.sk7mobile.com/prod/data/callingPlanView.do?refCode=PHONE&searchCallPlanType=PROD_LTE_TYPE_ALL&prodCd=PD00000232
PD00000233,PHONE,PROD_LTE_TYPE_ALL,4,3G 온라인 음성 S6,3G|통화편의|통화편의|개인정보보호,1GB,240분,50건,31900,26400,https://www.sk7mobile.com/prod/data/callingPlanView.do?refCode=PHONE&searchCallPlanType=PROD_LTE_TYPE_ALL&prodCd=PD00000233
PD00000234,PHONE,PROD_LTE_TYPE_ALL,4,3G 온라인 음성 S5,3G|통화편의|통화편의|개인정보보호,500MB,180분,50건,28600,23100,https://www.sk7mobile.com/prod/data/callingPlanView.do?refCode=PHONE&searchCallPlanType=PROD_LTE_TYPE_ALL&prodCd=PD00000234
PD00000235,PHONE,PROD_LTE_TYPE_ALL,4,3G 온라인 음성 S4,3G|추천|통화편의|통화편의|개인정보보호,300MB,150분,50건,25300,19800,https://www.sk7mobile.com/prod/data/callingPlanView.do?refCode=PHONE&searchCallPlanType=PROD_LTE_TYPE_ALL&prodCd=PD00000235
PD00000236,PHONE,PROD_LTE_TYPE_ALL,4,3G 온라인 음성 S3,3G|통화편의|통화편의|개인정보보호,300MB,120분,50건,22000,16500,https://www.sk7mobile.com/prod/data/callingPlanView.do?refCode=PHONE&searchCallPlanType=PROD_LTE_TYPE_ALL&prodCd=PD00000236
PD00000237,PHONE,PROD_LTE_TYPE_ALL,4,3G 온라인 음성 S2,3G|추천|통화편의|통화편의|개인정보보호,100MB,90분,50건,18700,13200,https://www.sk7mobile.com/prod/data/callingPlanView.do?refCode=PHONE&searchCallPlanType=PROD_LTE_TYPE_ALL&prodCd=PD00000237
PD00000238,PHONE,PROD_LTE_TYPE_ALL,4,3G 온라인 음성 S1,3G|통화편의|통화편의|개인정보보호,100MB,60분,50건,15400,9900,https://www.sk7mobile.com/prod/data/callingPlanView.do?refCode=PHONE&searchCallPlanType=PROD_LTE_TYPE_ALL&prodCd=PD00000238
PD00000239,PHONE,PROD_LTE_TYPE_ALL,4,LTE 온라인 데이터 S6,LTE|추천|통화편의|통화편의|개인정보보호,5GB,100분,0건,37400,31900,https://www.sk7mobile.com/prod/data/callingPlanView.do?refCode=PHONE&searchCallPlanType=PROD_LTE_TYPE_ALL&prodCd=PD00000239
PD00000240,PHONE,PROD_LTE_TYPE_ALL,4,LTE 온라인 데이터 S5,LTE|추천|통화편의|통화편의|개인정보보호,4GB,100분,0건,34100,28600,https://www.sk7mobile.com/prod/data/callingPlanView.do?refCode=PHONE&searchCallPlanType=PROD_LTE_TYPE_ALL&prodCd=PD00000240
PD00000241,PHONE,PROD_LTE_TYPE_ALL,4,LTE 온라인 데이터 S4,LTE|통화편의|통화편의|개인정보보호,3GB,80분,0건,30800,25300,https://www.sk7mobile.com/prod/data/callingPlanView.do?refCode=PHONE&searchCallPlanType=PROD_LTE_TYPE_ALL&prodCd=PD00000241
PD00000242,PHONE,PROD_LTE_TYPE_ALL,4,LTE 온라인 데이터 S3,LTE|통화편의|통화편의|개인정보보호,2GB,80분,0건,26400,20900,https://www.sk7mobile.com/prod/data/callingPlanView.do?refCode=PHONE&searchCallPlanType=PROD_LTE_TYPE_ALL&prodCd=PD00000242
PD00000243,PHONE,PROD_LTE_TYPE_ALL,4,LTE 온라인 데이터 S2,LTE|통화편의|통화편의|개인정보보호,1GB,60분,0건,23100,17600,https://www.sk7mobile.com/prod/data/callingPlanView.do?refCode=PHONE&searchCallPlanType=PROD_LTE_TYPE_ALL&prodCd=PD00000243
PD00000244,PHONE,PROD_LTE_TYPE_ALL,4,LTE 온라인 데이터 S1,LTE|통화편의|통화편의|개인정보보호,500MB,60분,0건,19800,14300,https://www.sk7mobile.com/prod/data/callingPlanView.do?refCode=PHONE&searchCallPlanType=PROD_LTE_TYPE_ALL&prodCd=PD00000244
PD00000266,PHONE,PROD_LTE_TYPE_ALL,4,LTE 효신 Level 1,LTE|통화편의|통화편의|개인정보보호,100MB,120분,500건,23100,19800,https://www.sk7mobile.com/prod/data/callingPlanView.do?refCode=PHONE&searchCallPlanType=PROD_LTE_TYPE_ALL&prodCd=PD00000266
PD00000267,PHONE,PROD_LTE_TYPE_ALL,4,LTE 효신 Level 2,LTE|통화편의|통화편의|개인정보보호,100MB,150분,750건,26400,23100,https://www.sk7mobile.com/prod/data/callingPlanView.do?refCode=PHONE&searchCallPlanType=PROD_LTE_TYPE_ALL&prodCd=PD00000267
PD00000269,PHONE,PROD_LTE_TYPE_ALL,4,LTE 하이 공부 Level 1,LTE|통화편의|통화편의|개인정보보호,0MB,55분,1250건,,23100,https://www.sk7mobile.com/prod/data/callingPlanView.do?refCode=PHONE&searchCallPlanType=PROD_LTE_TYPE_ALL&prodCd=PD00000269
PD00000270,PHONE,PROD_LTE_TYPE_ALL,4,LTE 하이 공부 Level 2,LTE|통화편의|통화편의|개인정보보호,0MB,85분,1850건,,28600,https://www.sk7mobile.com/prod/data/callingPlanView.do?refCode=PHONE&searchCallPlanType=PROD_LTE_TYPE_ALL&prodCd=PD00000270
PD00000281,PHONE,PROD_LTE_TYPE_ALL,4,LTE 어르신 1,LTE|통화편의|통화편의|개인정보보호,100MB,30분,30건,11990,6490,https://www.sk7mobile.com/prod/data/callingPlanView.do?refCode=PHONE&searchCallPlanType=PROD_LTE_TYPE_ALL&prodCd=PD00000281
PD00000282,PHONE,PROD_LTE_TYPE_ALL,4,LTE 어르신 2,LTE|통화편의|통화편의|개인정보보호,300MB,100분,100건,16500,11000,https://www.sk7mobile.com/prod/data/callingPlanView.do?refCode=PHONE&searchCallPlanType=PROD_LTE_TYPE_ALL&prodCd=PD00000282
PD00000283,PHONE,PROD_LTE_TYPE_ALL,4,LTE 어르신 3,LTE|추천|통화편의|통화편의|개인정보보호,500MB,기본제공,기본제공,22000,16500,https://www.sk7mobile.com/prod/data/callingPlanView.do?refCode=PHONE&searchCallPlanType=PROD_LTE_TYPE_ALL&prodCd=PD00000283
PD00000288,PHONE,PROD_LTE_TYPE_ALL,4,wavve (11GB+/통화맘껏),LTE|프로모션 할인|추천|통화편의|통화편의|개인정보보호,11GB,기본제공,기본제공,66000,57200,https://www.sk7mobile.com/prod/data/callingPlanView.do?refCode=PHONE&searchCallPlanType=PROD_LTE_TYPE_ALL&prodCd=PD00000288
PD00000289,PHONE,PROD_LTE_TYPE_ALL,4,wavve 5GB,LTE|프로모션 할인|통화편의|통화편의|개인정보보호,5GB,100분,100건,46200,35200,https://www.sk7mobile.com/prod/data/callingPlanView.do?refCode=PHONE&searchCallPlanType=PROD_LTE_TYPE_ALL&prodCd=PD00000289
PD00000321,PHONE,PROD_LTE_TYPE_ALL,4,5G (200GB+),5G|추천|통화편의|통화편의|개인정보보호,200GB,기본제공,기본제공,,71500,https://www.sk7mobile.com/prod/data/callingPlanView.do?refCode=PHONE&searchCallPlanType=PROD_LTE_TYPE_ALL&prodCd=PD00000321
PD00000322,PHONE,PROD_LTE_TYPE_ALL,4,5G (15GB+),5G|추천|통화편의|통화편의|개인정보보호,15GB,기본제공,기본제공,,49500,https://www.sk7mobile.com/prod/data/callingPlanView.do?refCode=PHONE&searchCallPlanType=PROD_LTE_TYPE_ALL&prodCd=PD00000322
PD00000333,PHONE,PROD_LTE_TYPE_ALL,4,LTE 베이직,LTE|프로모션 할인|통화편의|통화편의|개인정보보호,100MB,기본제공,100건,22000,16500,https://www.sk7mobile.com/prod/data/callingPlanView.do?refCode=PHONE&searchCallPlanType=PROD_LTE_TYPE_ALL&prodCd=PD00000333
PD00000362,PHONE,PROD_LTE_TYPE_ALL,4,5G 온라인 (9GB/1000분),5G|프로모션 할인|추천|통화편의|통화편의|개인정보보호,9GB,1000분,100건,50600,36300,https://www.sk7mobile.com/prod/data/callingPlanView.do?refCode=PHONE&searchCallPlanType=PROD_LTE_TYPE_ALL&prodCd=PD00000362
PD00000363,PHONE,PROD_LTE_TYPE_ALL,4,5G 온라인 (6GB/1000분),5G|프로모션 할인|추천|통화편의|통화편의|개인정보보호,6GB,1000분,100건,45100,30800,https://www.sk7mobile.com/prod/data/callingPlanView.do?refCode=PHONE&searchCallPlanType=PROD_LTE_TYPE_ALL&prodCd=PD00000363
PD00000364,PHONE,PROD_LTE_TYPE_ALL,4,5G 온라인 (3GB/1000분),5G|프로모션 할인|추천|통화편의|통화편의|개인정보보호|개인정보보호,3GB,1000분,100건,39600,25300,https://www.sk7mobile.com/prod/data/callingPlanView.do?refCode=PHONE&searchCallPlanType=PROD_LTE_TYPE_ALL&prodCd=PD00000364
PD00000365,PHONE,PROD_LTE_TYPE_ALL,4,5G 온라인 (2GB/100분),5G|프로모션 할인|추천|통화편의|통화편의|개인정보보호,2GB,100분,100건,34100,19800,https://www.sk7mobile.com/prod/data/callingPlanView.do?refCode=PHONE&searchCallPlanType=PROD_LTE_TYPE_ALL&prodCd=PD00000365
PD00000366,PHONE,PROD_LTE_TYPE_ALL,4,5G 온라인 (1GB/100분),5G|프로모션 할인|통화편의|통화편의|개인정보보호,1GB,100분,100건,28600,17600,https://www.sk7mobile.com/prod/data/callingPlanView.do?refCode=PHONE&searchCallPlanType=PROD_LTE_TYPE_ALL&prodCd=PD00000366
PD00000410,PHONE,PROD_LTE_TYPE_ALL,4,5G 온라인 (500MB/100분),5G|프로모션 할인|통화편의|통화편의|개인정보보호,500MB,100분,100건,24200,13200,https://www.sk7mobile.com/prod/data/callingPlanView.do?refCode=PHONE&searchCallPlanType=PROD_LTE_TYPE_ALL&prodCd=PD00000410
PD00000411,PHONE,PROD_LTE_TYPE_ALL,4,LTE 복지 음성 (1GB/240분),LTE|통화편의|통화편의|개인정보보호,1GB,240분,50건,25520,20020,https://www.sk7mobile.com/prod/data/callingPlanView.do?refCode=PHONE&searchCallPlanType=PROD_LTE_TYPE_ALL&prodCd=PD00000411
PD00000412,PHONE,PROD_LTE_TYPE_ALL,4,LTE 복지 데이터 (5GB/100분),LTE|통화편의|통화편의|개인정보보호,5GB,100분,0건,29920,24420,https://www.sk7mobile.com/prod/data/callingPlanView.do?refCode=PHONE&searchCallPlanType=PROD_LTE_TYPE_ALL&prodCd=PD00000412
PC0RB00373,USIM,PROD_USIM_TYPE_ALL,4,5G 유심 (3GB/1000분),5G|프로모션 할인,3GB,1000분,100건,24200,7900,https://www.sk7mobile.com/prod/data/callingPlanView.do?refCode=USIM&searchCallPlanType=PROD_USIM_TYPE_ALL&prodCd=PC0RB00373
PC0RB00427,USIM,PROD_USIM_TYPE_ALL,4,FLO 유심 (11GB+/통화맘껏),LTE|프로모션 할인,11GB,기본제공,기본제공,55660,39300,https://www.sk7mobile.com/prod/data/callingPlanView.do?refCode=USIM&searchCallPlanType=PROD_USIM_TYPE_ALL&prodCd=PC0RB00427
PC0RB00463,USIM,PROD_USIM_TYPE_ALL,4,LTE 유심 (15GB+/300분),LTE|프로모션 할인|통화편의|개인정보보호,15GB,300분,300건,49500,28600,https://www.sk7mobile.com/prod/data/callingPlanView.do?refCode=USIM&searchCallPlanType=PROD_USIM_TYPE_ALL&prodCd=PC0RB00463
PC0RB00464,USIM,PROD_USIM_TYPE_ALL,4,LTE 유심 (10GB+/통화맘껏),LTE|프로모션 할인|통화편의|통화편의|개인정보보호,10GB,기본제공,기본제공,50600,20000,https://www.sk7mobile.com/prod/data/callingPlanView.do?refCode=USIM&searchCallPlanType=PROD_USIM_TYPE_ALL&prodCd=PC0RB00464
PC0RB00465,USIM,PROD_USIM_TYPE_ALL,4,5G 유심 (99GB+/통화맘껏),5G|프로모션 할인|추천,99GB,기본제공,기본제공,57200,44000,https://www.sk7mobile.com/prod/data/callingPlanView.do?refCode=USIM&searchCallPlanType=PROD_USIM_TYPE_ALL&prodCd=PC0RB00465
PC0RB00466,USIM,PROD_USIM_TYPE_ALL,4,5G 유심 (74GB+/통화맘껏),5G|프로모션 할인,74GB,기본제공,기본제공,55000,42900,https://www.sk7mobile.com/prod/data/callingPlanView.do?refCode=USIM&searchCallPlanType=PROD_USIM_TYPE_ALL&prodCd=PC0RB00466
PC0RB00467,USIM,PROD_USIM_TYPE_ALL,4,5G 유심 (54GB+/통화맘껏),5G|프로모션 할인,54GB,기본제공,기본제공,52800,41800,https://www.sk7mobile.com/prod/data/callingPlanView.do?refCode=USIM&searchCallPlanType=PROD_USIM_TYPE_ALL&prodCd=PC0RB00467
PC0RB00478,USIM,PROD_USIM_TYPE_ALL,4,번개 유심 (1GB+/통화맘껏),LTE|프로모션 할인,1GB,기본제공,기본제공,33000,11000,https://www.sk7mobile.com/prod/data/callingPlanView.do?refCode=USIM&searchCallPlanType=PROD_USIM_TYPE_ALL&prodCd=PC0RB00478
PC0RB00481,USIM,PROD_USIM_TYPE_ALL,4,번개 유심 (10GB+/통화맘껏),LTE|프로모션 할인|통화편의|개인정보보호|통화편의,10GB,기본제공,기본제공,50600,20000,https://www.sk7mobile.com/prod/data/callingPlanView.do?refCode=USIM&searchCallPlanType=PROD_USIM_TYPE_ALL&prodCd=PC0RB00481
PC0RB00483,USIM,PROD_USIM_TYPE_ALL,4,10% 포인트 (10GB+/통화맘껏),LTE|프로모션 할인,10GB,기본제공,기본제공,52800,22000,https://www.sk7mobile.com/prod/data/callingPlanView.do?refCode=USIM&searchCallPlanType=PROD_USIM_TYPE_ALL&prodCd=PC0RB00483
PC0RB00488,USIM,PROD_USIM_TYPE_ALL,4,[셀프] LTE 유심 (2GB/2000분),LTE|프로모션 할인,2GB,2000분,2000건,27500,5500,https://www.sk7mobile.com/prod/data/callingPlanView.do?refCode=USIM&searchCallPlanType=PROD_USIM_TYPE_ALL&prodCd=PC0RB00488
PC0RB00489,USIM,PROD_USIM_TYPE_ALL,4,[셀프] LTE 유심 (4GB/2000분),LTE|프로모션 할인,4GB,2000분,2000건,33000,6600,https://www.sk7mobile.com/prod/data/callingPlanView.do?refCode=USIM&searchCallPlanType=PROD_USIM_TYPE_ALL&prodCd=PC0RB00489
PC0RB00490,USIM,PROD_USIM_TYPE_ALL,4,[셀프] LTE 유심 (6GB/2000분),LTE|프로모션 할인,6GB,2000분,2000건,38500,8800,https://www.sk7mobile.com/prod/data/callingPlanView.do?refCode=USIM&searchCallPlanType=PROD_USIM_TYPE_ALL&prodCd=PC0RB00490
PC0RB00491,USIM,PROD_USIM_TYPE_ALL,4,[셀프] LTE 유심 (10GB/2000분),LTE|프로모션 할인,10GB,2000분,2000건,41800,11900,https://www.sk7mobile.com/prod/data/callingPlanView.do?refCode=USIM&searchCallPlanType=PROD_USIM_TYPE_ALL&prodCd=PC0RB00491
PC0RB00492,USIM,PROD_USIM_TYPE_ALL,4,[셀프] LTE 유심 (11GB+),LTE|프로모션 할인|통화편의|통화편의|개인정보보호,11GB,기본제공,기본제공,49060,33000,https://www.sk7mobile.com/prod/data/callingPlanView.do?refCode=USIM&searchCallPlanType=PROD_USIM_TYPE_ALL&prodCd=PC0RB00492
PC0RB00493,USIM,PROD_USIM_TYPE_ALL,4,[셀프] LTE 유심 (7GB+),LTE|프로모션 할인,7GB,기본제공,기본제공,48400,16900,https://www.sk7mobile.com/prod/data/callingPlanView.do?refCode=USIM&searchCallPlanType=PROD_USIM_TYPE_ALL&prodCd=PC0RB00493
PC0RB00494,USIM,PROD_USIM_TYPE_ALL,4,[셀프] LTE 유심 (15GB+/100분),LTE|프로모션 할인|개인정보보호|통화편의|통화편의,15GB,100분,100건,47300,24200,https://www.sk7mobile.com/prod/data/callingPlanView.do?refCode=USIM&searchCallPlanType=PROD_USIM_TYPE_ALL&prodCd=PC0RB00494
PC0RB00496,USIM,PROD_USIM_TYPE_ALL,4,[셀프] LTE 유심 (15GB+/300분),LTE|프로모션 할인|개인정보보호|통화편의|통화편의,15GB,300분,300건,49500,27500,https://www.sk7mobile.com/prod/data/callingPlanView.do?refCode=USIM&searchCallPlanType=PROD_USIM_TYPE_ALL&prodCd=PC0RB00496
PC0RB00497,USIM,PROD_USIM_TYPE_ALL,4,[셀프] LTE 유심 (100GB+),LTE|프로모션 할인|개인정보보호|통화편의|통화편의,100GB,기본제공,기본제공,55000,40900,https://www.sk7mobile.com/prod/data/callingPlanView.do?refCode=USIM&searchCallPlanType=PROD_USIM_TYPE_ALL&prodCd=PC0RB00497
PC0RB00498,USIM,PROD_USIM_TYPE_ALL,4,[셀프] LTE 유심 (8GB/2000분),LTE|프로모션 할인,8GB,2000분,2000건,40700,11000,https://www.sk7mobile.com/prod/data/callingPlanView.do?refCode=USIM&searchCallPlanType=PROD_USIM_TYPE_ALL&prodCd=PC0RB00498
PC0RB00499,USIM,PROD_USIM_TYPE_ALL,4,LTE 유심 (8GB/2000분),LTE|프로모션 할인,8GB,2000분,2000건,40700,12100,https://www.sk7mobile.com/prod/data/callingPlanView.do?refCode=USIM&searchCallPlanType=PROD_USIM_TYPE_ALL&prodCd=PC0RB00499
PC0RB00500,USIM,PROD_USIM_TYPE_ALL,4,[셀프] LTE 유심 (1GB+),LTE|프로모션 할인,1GB,기본제공,기본제공,33000,9920,https://www.sk7mobile.com/prod/data/callingPlanView.do?refCode=USIM&searchCallPlanType=PROD_USIM_TYPE_ALL&prodCd=PC0RB00500
PC0RB00501,USIM,PROD_USIM_TYPE_ALL,4,[셀프] LTE 유심 (10GB+),LTE|프로모션 할인,10GB,기본제공,기본제공,50600,18900,https://www.sk7mobile.com/prod/data/callingPlanView.do?refCode=USIM&searchCallPlanType=PROD_USIM_TYPE_ALL&prodCd=PC0RB00501
PC0RB00502,USIM,PROD_USIM_TYPE_ALL,4,LTE 안심차단 (5GB/1000분),LTE|프로모션 할인,5GB,1000분,1000건,33000,9900,https://www.sk7mobile.com/prod/data/callingPlanView.do?refCode=USIM&searchCallPlanType=PROD_USIM_TYPE_ALL&prodCd=PC0RB00502
PC0RB00503,USIM,PROD_USIM_TYPE_ALL,4,LTE 안심차단 (3GB/1000분),LTE|프로모션 할인,3GB,1000분,1000건,27500,7700,https://www.sk7mobile.com/prod/data/callingPlanView.do?refCode=USIM&searchCallPlanType=PROD_USIM_TYPE_ALL&prodCd=PC0RB00503
PC0RB00504,USIM,PROD_USIM_TYPE_ALL,4,LTE 안심차단 (1GB/1000분),LTE|프로모션 할인|추천,1GB,1000분,1000건,19800,5500,https://www.sk7mobile.com/prod/data/callingPlanView.do?refCode=USIM&searchCallPlanType=PROD_USIM_TYPE_ALL&prodCd=PC0RB00504
PC0RB00506,USIM,PROD_USIM_TYPE_ALL,4,LTE 유심 (25GB/300분),LTE|프로모션 할인,25GB,300분,100건,47300,23100,https://www.sk7mobile.com/prod/data/callingPlanView.do?refCode=USIM&searchCallPlanType=PROD_USIM_TYPE_ALL&prodCd=PC0RB00506
PC0RB00507,USIM,PROD_USIM_TYPE_ALL,4,LTE 유심 (25GB/200분),LTE|프로모션 할인|추천,25GB,200분,100건,46200,22000,https://www.sk7mobile.com/prod/data/callingPlanView.do?refCode=USIM&searchCallPlanType=PROD_USIM_TYPE_ALL&prodCd=PC0RB00507
PC0RB00508,USIM,PROD_USIM_TYPE_ALL,4,LTE 유심 (25GB/100분),LTE|프로모션 할인|추천,25GB,100분,100건,45100,20900,https://www.sk7mobile.com/prod/data/callingPlanView.do?refCode=USIM&searchCallPlanType=PROD_USIM_TYPE_ALL&prodCd=PC0RB00508
PC0RB00509,USIM,PROD_USIM_TYPE_ALL,4,LTE 유심 (15GB/300분),LTE|프로모션 할인,15GB,300분,100건,44000,13530,https://www.sk7mobile.com/prod/data/callingPlanView.do?refCode=USIM&searchCallPlanType=PROD_USIM_TYPE_ALL&prodCd=PC0RB00509
PC0RB00510,USIM,PROD_USIM_TYPE_ALL,4,LTE 유심 (15GB/200분),LTE|프로모션 할인,15GB,200분,100건,42900,13200,https://www.sk7mobile.com/prod/data/callingPlanView.do?refCode=USIM&searchCallPlanType=PROD_USIM_TYPE_ALL&prodCd=PC0RB00510
PC0RB00511,USIM,PROD_USIM_TYPE_ALL,4,LTE 유심 (15GB/100분),LTE|프로모션 할인|추천,15GB,100분,100건,41800,12900,https://www.sk7mobile.com/prod/data/callingPlanView.do?refCode=USIM&searchCallPlanType=PROD_USIM_TYPE_ALL&prodCd=PC0RB00511
PC0RB00522,USIM,PROD_USIM_TYPE_ALL,4,[Online] 5G CMLink (24GB+),LTE|프로모션 할인,24GB,기본제공,기본제공,53900,44550,https://www.sk7mobile.com/prod/data/callingPlanView.do?refCode=USIM&searchCallPlanType=PROD_USIM_TYPE_ALL&prodCd=PC0RB00522
PC0RB00523,USIM,PROD_USIM_TYPE_ALL,4,[Online] 5G CMLink (110GB+),LTE|프로모션 할인,110GB,기본제공,기본제공,64900,50600,https://www.sk7mobile.com/prod/data/callingPlanView.do?refCode=USIM&searchCallPlanType=PROD_USIM_TYPE_ALL&prodCd=PC0RB00523
PC0RB00526,USIM,PROD_USIM_TYPE_ALL,4,[Online] CMLink (1GB+),LTE|프로모션 할인,1GB,기본제공,기본제공,38500,18400,https://www.sk7mobile.com/prod/data/callingPlanView.do?refCode=USIM&searchCallPlanType=PROD_USIM_TYPE_ALL&prodCd=PC0RB00526
PC0RB00527,USIM,PROD_USIM_TYPE_ALL,4,[Online] CMLink (7GB+),LTE|프로모션 할인,7GB,기본제공,기본제공,53900,24200,https://www.sk7mobile.com/prod/data/callingPlanView.do?refCode=USIM&searchCallPlanType=PROD_USIM_TYPE_ALL&prodCd=PC0RB00527
PC0RB00528,USIM,PROD_USIM_TYPE_ALL,4,[Online] CMLink (10GB+),LTE|프로모션 할인,10GB,기본제공,기본제공,56100,24700,https://www.sk7mobile.com/prod/data/callingPlanView.do?refCode=USIM&searchCallPlanType=PROD_USIM_TYPE_ALL&prodCd=PC0RB00528
PC0RB00529,USIM,PROD_USIM_TYPE_ALL,4,[Online] CMLink (15GB+),LTE|프로모션 할인,15GB,100분,100건건,52800,30800,https://www.sk7mobile.com/prod/data/callingPlanView.do?refCode=USIM&searchCallPlanType=PROD_USIM_TYPE_ALL&prodCd=PC0RB00529
PC0RB00530,USIM,PROD_USIM_TYPE_ALL,4,[Online] CMLink (11GB+),LTE|프로모션 할인,11GB,기본제공,기본제공,54560,41200,https://www.sk7mobile.com/prod/data/callingPlanView.do?refCode=USIM&searchCallPlanType=PROD_USIM_TYPE_ALL&prodCd=PC0RB00530
PC0RB00531,USIM,PROD_USIM_TYPE_ALL,4,[Online] CMLink (100GB+),LTE|프로모션 할인,100GB,기본제공,기본제공,60500,47850,https://www.sk7mobile.com/prod/data/callingPlanView.do?refCode=USIM&searchCallPlanType=PROD_USIM_TYPE_ALL&prodCd=PC0RB00531
PC0RB00532,USIM,PROD_USIM_TYPE_ALL,4,롯데시네마 (7GB+/통화맘껏),LTE|프로모션 할인,7GB,기본제공,기본제공,50600,21600,https://www.sk7mobile.com/prod/data/callingPlanView.do?refCode=USIM&searchCallPlanType=PROD_USIM_TYPE_ALL&prodCd=PC0RB00532
PC0RB00533,USIM,PROD_USIM_TYPE_ALL,4,롯데시네마 (11GB+/통화맘껏),LTE|프로모션 할인,11GB,기본제공,기본제공,51260,37600,https://www.sk7mobile.com/prod/data/callingPlanView.do?refCode=USIM&searchCallPlanType=PROD_USIM_TYPE_ALL&prodCd=PC0RB00533
PC0RB00540,USIM,PROD_USIM_TYPE_ALL,4,LTE 안심 (15GB+/1000분),LTE|프로모션 할인,15GB,1000분,1000건,47300,20570,https://www.sk7mobile.com/prod/data/callingPlanView.do?refCode=USIM&searchCallPlanType=PROD_USIM_TYPE_ALL&prodCd=PC0RB00540
PC0RB00541,USIM,PROD_USIM_TYPE_ALL,4,LTE 유심 (15GB/2000분),LTE|프로모션 할인,15GB,2000분,2000건,45100,15000,https://www.sk7mobile.com/prod/data/callingPlanView.do?refCode=USIM&searchCallPlanType=PROD_USIM_TYPE_ALL&prodCd=PC0RB00541
PC0RB00542,USIM,PROD_USIM_TYPE_ALL,4,[셀프] LTE 유심 (15GB/2000분),LTE|프로모션 할인,15GB,2000분,2000건,45100,13900,https://www.sk7mobile.com/prod/data/callingPlanView.do?refCode=USIM&searchCallPlanType=PROD_USIM_TYPE_ALL&prodCd=PC0RB00542
PC0RB00545,USIM,PROD_USIM_TYPE_ALL,4,LTE 유심 (8GB/100분),LTE|프로모션 할인|추천,8GB,100분,100건,30800,8900,https://www.sk7mobile.com/prod/data/callingPlanView.do?refCode=USIM&searchCallPlanType=PROD_USIM_TYPE_ALL&prodCd=PC0RB00545
PC0RB00546,USIM,PROD_USIM_TYPE_ALL,4,LTE 안심차단 (30GB/1000분),LTE|프로모션 할인,30GB,1000분,1000건,47300,30250,https://www.sk7mobile.com/prod/data/callingPlanView.do?refCode=USIM&searchCallPlanType=PROD_USIM_TYPE_ALL&prodCd=PC0RB00546
PC0RB00547,USIM,PROD_USIM_TYPE_ALL,4,LTE 안심차단 (20GB/1000분),LTE|프로모션 할인,20GB,1000분,1000건,44000,20900,https://www.sk7mobile.com/prod/data/callingPlanView.do?refCode=USIM&searchCallPlanType=PROD_USIM_TYPE_ALL&prodCd=PC0RB00547
PC0RB00548,USIM,PROD_USIM_TYPE_ALL,4,폰케어팩 (10GB+/통화맘껏),LTE|프로모션 할인,10GB,기본제공,기본제공,50600,20000,https://www.sk7mobile.com/prod/data/callingPlanView.do?refCode=USIM&searchCallPlanType=PROD_USIM_TYPE_ALL&prodCd=PC0RB00548
PC0RB00549,USIM,PROD_USIM_TYPE_ALL,4,폰케어팩 (100GB+/통화맘껏),LTE|프로모션 할인,100GB,기본제공,기본제공,56100,42000,https://www.sk7mobile.com/prod/data/callingPlanView.do?refCode=USIM&searchCallPlanType=PROD_USIM_TYPE_ALL&prodCd=PC0RB00549
PC0RB00550,USIM,PROD_USIM_TYPE_ALL,4,폰케어팩 (7GB+/통화맘껏),LTE|프로모션 할인,7GB,기본제공,기본제공,49500,18000,https://www.sk7mobile.com/prod/data/callingPlanView.do?refCode=USIM&searchCallPlanType=PROD_USIM_TYPE_ALL&prodCd=PC0RB00550
PC0RB00551,USIM,PROD_USIM_TYPE_ALL,4,폰케어팩 (11GB+/통화맘껏),LTE|프로모션 할인,11GB,기본제공,기본제공,50160,34100,https://www.sk7mobile.com/prod/data/callingPlanView.do?refCode=USIM&searchCallPlanType=PROD_USIM_TYPE_ALL&prodCd=PC0RB00551
PC0RB00552,USIM,PROD_USIM_TYPE_ALL,4,5G 유심 (20GB/1000분),5G|프로모션 할인,20GB,1000분,100건,44000,24900,https://www.sk7mobile.com/prod/data/callingPlanView.do?refCode=USIM&searchCallPlanType=PROD_USIM_TYPE_ALL&prodCd=PC0RB00552
PC0RB00553,USIM,PROD_USIM_TYPE_ALL,4,5G 유심 (15GB/1000분),5G|프로모션 할인,15GB,1000분,100건,39600,20900,https://www.sk7mobile.com/prod/data/callingPlanView.do?refCode=USIM&searchCallPlanType=PROD_USIM_TYPE_ALL&prodCd=PC0RB00553
PC0RB00554,USIM,PROD_USIM_TYPE_ALL,4,5G 유심 (10GB/200분),5G|프로모션 할인,10GB,200분,100건,30800,11500,https://www.sk7mobile.com/prod/data/callingPlanView.do?refCode=USIM&searchCallPlanType=PROD_USIM_TYPE_ALL&prodCd=PC0RB00554
PC0RB00555,USIM,PROD_USIM_TYPE_ALL,4,5G 유심 (6GB/200분),5G|프로모션 할인,6GB,200분,100건,26400,9900,https://www.sk7mobile.com/prod/data/callingPlanView.do?refCode=USIM&searchCallPlanType=PROD_USIM_TYPE_ALL&prodCd=PC0RB00555
PC0RB00556,USIM,PROD_USIM_TYPE_ALL,4,5G 유심 (3GB/200분),5G|프로모션 할인,3GB,200분,100건,24200,7500,https://www.sk7mobile.com/prod/data/callingPlanView.do?refCode=USIM&searchCallPlanType=PROD_USIM_TYPE_ALL&prodCd=PC0RB00556
PC0RB00557,USIM,PROD_USIM_TYPE_ALL,4,5G 유심 (37GB+/통화맘껏),5G|프로모션 할인,37GB,기본제공,기본제공,50600,40700,https://www.sk7mobile.com/prod/data/callingPlanView.do?refCode=USIM&searchCallPlanType=PROD_USIM_TYPE_ALL&prodCd=PC0RB00557
PC0RB00558,USIM,PROD_USIM_TYPE_ALL,4,5G 유심 (8GB+/통화맘껏),5G|프로모션 할인,8GB,기본제공,기본제공,37400,28600,https://www.sk7mobile.com/prod/data/callingPlanView.do?refCode=USIM&searchCallPlanType=PROD_USIM_TYPE_ALL&prodCd=PC0RB00558
PC0RB00559,USIM,PROD_USIM_TYPE_ALL,4,5G 유심 (6GB+/통화맘껏),5G|프로모션 할인,6GB,기본제공,기본제공,35200,25300,https://www.sk7mobile.com/prod/data/callingPlanView.do?refCode=USIM&searchCallPlanType=PROD_USIM_TYPE_ALL&prodCd=PC0RB00559
PC0RB00560,USIM,PROD_USIM_TYPE_ALL,4,LTE 유심 (20GB+/1000분),LTE|프로모션 할인,20GB,1000분,100건,48400,24750,https://www.sk7mobile.com/prod/data/callingPlanView.do?refCode=USIM&searchCallPlanType=PROD_USIM_TYPE_ALL&prodCd=PC0RB00560
PC0RB00561,USIM,PROD_USIM_TYPE_ALL,4,LTE 유심 (15GB+/1000분),LTE|프로모션 할인,15GB,1000분,100건,44000,21400,https://www.sk7mobile.com/prod/data/callingPlanView.do?refCode=USIM&searchCallPlanType=PROD_USIM_TYPE_ALL&prodCd=PC0RB00561
PC0RB00562,USIM,PROD_USIM_TYPE_ALL,4,LTE 유심 (10GB+/1000분),LTE|프로모션 할인,10GB,1000분,100건,39600,18900,https://www.sk7mobile.com/prod/data/callingPlanView.do?refCode=USIM&searchCallPlanType=PROD_USIM_TYPE_ALL&prodCd=PC0RB00562
PC0RB00563,USIM,PROD_USIM_TYPE_ALL,4,LTE 유심 (8GB+/1000분),LTE|프로모션 할인,8GB,1000분,100건,37400,16900,https://www.sk7mobile.com/prod/data/callingPlanView.do?refCode=USIM&searchCallPlanType=PROD_USIM_TYPE_ALL&prodCd=PC0RB00563
PC0RB00564,USIM,PROD_USIM_TYPE_ALL,4,LTE 유심 (6GB+/1000분),LTE|프로모션 할인,6GB,1000분,100건,35200,15400,https://www.sk7mobile.com/prod/data/callingPlanView.do?refCode=USIM&searchCallPlanType=PROD_USIM_TYPE_ALL&prodCd=PC0RB00564
PD00000121,USIM,PROD_USIM_TYPE_ALL,4,USIM 표준,3G|통화편의|통화편의|개인정보보호,0MB,0분,0건,,5390,https://www.sk7mobile.com/prod/data/callingPlanView.do?refCode=USIM&searchCallPlanType=PROD_USIM_TYPE_ALL&prodCd=PD00000121
PD00000174,USIM,PROD_USIM_TYPE_ALL,4,LTE 유심 (11GB+/통화맘껏),LTE|프로모션 할인|통화편의|통화편의|개인정보보호,11GB,기본제공,기본제공,49060,34100,https://www.sk7mobile.com/prod/data/callingPlanView.do?refCode=USIM&searchCallPlanType=PROD_USIM_TYPE_ALL&prodCd=PD00000174
PD00000284,USIM,PROD_USIM_TYPE_ALL,4,LTE 유심 (1GB/100분),LTE|프로모션 할인|추천|통화편의|통화편의|개인정보보호,1GB,100분,100건,14300,3900,https://www.sk7mobile.com/prod/data/callingPlanView.do?refCode=USIM&searchCallPlanType=PROD_USIM_TYPE_ALL&prodCd=PD00000284
PD00000285,USIM,PROD_USIM_TYPE_ALL,4,LTE 유심 (3GB/100분),LTE|프로모션 할인|통화편의|통화편의|개인정보보호,3GB,100분,100건,22000,4900,https://www.sk7mobile.com/prod/data/callingPlanView.do?refCode=USIM&searchCallPlanType=PROD_USIM_TYPE_ALL&prodCd=PD00000285
PD00000287,USIM,PROD_USIM_TYPE_ALL,4,LTE 유심 (5GB/100분),LTE|프로모션 할인|통화편의|통화편의|개인정보보호,5GB,100분,100건,27500,7900,https://www.sk7mobile.com/prod/data/callingPlanView.do?refCode=USIM&searchCallPlanType=PROD_USIM_TYPE_ALL&prodCd=PD00000287
PD00000290,USIM,PROD_USIM_TYPE_ALL,4,wavve 유심 (11GB+/통화맘껏),LTE|프로모션 할인|추천|통화편의|통화편의|개인정보보호,11GB,기본제공,기본제공,56100,40480,https://www.sk7mobile.com/prod/data/callingPlanView.do?refCode=USIM&searchCallPlanType=PROD_USIM_TYPE_ALL&prodCd=PD00000290
PD00000291,USIM,PROD_USIM_TYPE_ALL,4,wavve 유심 5GB,LTE|프로모션 할인|통화편의|통화편의|개인정보보호,5GB,100분,100건,30800,19800,https://www.sk7mobile.com/prod/data/callingPlanView.do?refCode=USIM&searchCallPlanType=PROD_USIM_TYPE_ALL&prodCd=PD00000291
PD00000292,USIM,PROD_USIM_TYPE_ALL,4,LTE 유심 (15GB+/100분),LTE|프로모션 할인|통화편의|통화편의|개인정보보호,15GB,100분,100건,47300,25300,https://www.sk7mobile.com/prod/data/callingPlanView.do?refCode=USIM&searchCallPlanType=PROD_USIM_TYPE_ALL&prodCd=PD00000292
PD00000296,USIM,PROD_USIM_TYPE_ALL,4,LTE 유심 (100GB+/통화맘껏),LTE|프로모션 할인|통화편의|통화편의|개인정보보호,100GB,기본제공,기본제공,55000,42000,https://www.sk7mobile.com/prod/data/callingPlanView.do?refCode=USIM&searchCallPlanType=PROD_USIM_TYPE_ALL&prodCd=PD00000296
PD00000308,USIM,PROD_USIM_TYPE_ALL,4,번개유심 (11GB+/통화맘껏),LTE|프로모션 할인|개인정보보호,11GB,기본제공,기본제공,49500,34100,https://www.sk7mobile.com/prod/data/callingPlanView.do?refCode=USIM&searchCallPlanType=PROD_USIM_TYPE_ALL&prodCd=PD00000308
PD00000312,USIM,PROD_USIM_TYPE_ALL,4,번개 유심 15GB+,LTE|프로모션 할인|통화편의|통화편의|개인정보보호,15GB,100분,100건,47300,25300,https://www.sk7mobile.com/prod/data/callingPlanView.do?refCode=USIM&searchCallPlanType=PROD_USIM_TYPE_ALL&prodCd=PD00000312
PD00000316,USIM,PROD_USIM_TYPE_ALL,4,5G 유심 (200GB+/통화맘껏),5G|프로모션 할인|통화편의|통화편의|개인정보보호,200GB,기본제공,기본제공,66000,49500,https://www.sk7mobile.com/prod/data/callingPlanView.do?refCode=USIM&searchCallPlanType=PROD_USIM_TYPE_ALL&prodCd=PD00000316
PD00000317,USIM,PROD_USIM_TYPE_ALL,4,5G 유심 (15GB+/통화맘껏),5G|프로모션 할인|통화편의|통화편의|개인정보보호,15GB,기본제공,기본제공,44000,35200,https://www.sk7mobile.com/prod/data/callingPlanView.do?refCode=USIM&searchCallPlanType=PROD_USIM_TYPE_ALL&prodCd=PD00000317
PD00000318,USIM,PROD_USIM_TYPE_ALL,4,LTE 유심 (2GB/2000분),LTE|프로모션 할인|추천|통화편의|통화편의|개인정보보호,2GB,2000분,2000건,27500,6600,https://www.sk7mobile.com/prod/data/callingPlanView.do?refCode=USIM&searchCallPlanType=PROD_USIM_TYPE_ALL&prodCd=PD00000318
PD00000319,USIM,PROD_USIM_TYPE_ALL,4,LTE 유심 (4GB/2000분),LTE|프로모션 할인|통화편의|통화편의|개인정보보호,4GB,2000분,2000건,33000,7700,https://www.sk7mobile.com/prod/data/callingPlanView.do?refCode=USIM&searchCallPlanType=PROD_USIM_TYPE_ALL&prodCd=PD00000319
PD00000320,USIM,PROD_USIM_TYPE_ALL,4,LTE 유심 (6GB/2000분),LTE|프로모션 할인|통화편의|통화편의|개인정보보호,6GB,2000분,2000건,38500,9900,https://www.sk7mobile.com/prod/data/callingPlanView.do?refCode=USIM&searchCallPlanType=PROD_USIM_TYPE_ALL&prodCd=PD00000320
PD00000324,USIM,PROD_USIM_TYPE_ALL,4,LTE 유심 (1GB/200분),LTE|프로모션 할인|통화편의|통화편의|개인정보보호,1GB,200분,100건,17600,4510,https://www.sk7mobile.com/prod/data/callingPlanView.do?refCode=USIM&searchCallPlanType=PROD_USIM_TYPE_ALL&prodCd=PD00000324
PD00000325,USIM,PROD_USIM_TYPE_ALL,4,LTE 유심 (3GB/200분),LTE|프로모션 할인|통화편의|통화편의|개인정보보호,3GB,200분,100건,24200,6900,https://www.sk7mobile.com/prod/data/callingPlanView.do?refCode=USIM&searchCallPlanType=PROD_USIM_TYPE_ALL&prodCd=PD00000325
PD00000329,USIM,PROD_USIM_TYPE_ALL,4,번개 유심 (2GB/2000분),LTE|프로모션 할인|통화편의|통화편의|개인정보보호,2GB,2000분,2000건,27500,6600,https://www.sk7mobile.com/prod/data/callingPlanView.do?refCode=USIM&searchCallPlanType=PROD_USIM_TYPE_ALL&prodCd=PD00000329
PD00000330,USIM,PROD_USIM_TYPE_ALL,4,번개 유심 (4GB/2000분),LTE|프로모션 할인|통화편의|통화편의|개인정보보호,4GB,2000분,2000건,33000,7700,https://www.sk7mobile.com/prod/data/callingPlanView.do?refCode=USIM&searchCallPlanType=PROD_USIM_TYPE_ALL&prodCd=PD00000330
PD00000331,USIM,PROD_USIM_TYPE_ALL,4,번개 유심 (6GB/2000분),LTE|프로모션 할인|통화편의|통화편의|개인정보보호,6GB,2000분,2000건,38500,9900,https://www.sk7mobile.com/prod/data/callingPlanView.do?refCode=USIM&searchCallPlanType=PROD_USIM_TYPE_ALL&prodCd=PD00000331
PD00000341,USIM,PROD_USIM_TYPE_ALL,4,LTE 유심 (500MB/100분),LTE|프로모션 할인|추천|개인정보보호,500MB,100분,100건,9900,2900,https://www.sk7mobile.com/prod/data/callingPlanView.do?refCode=USIM&searchCallPlanType=PROD_USIM_TYPE_ALL&prodCd=PD00000341
PD00000347,USIM,PROD_USIM_TYPE_ALL,4,10% 포인트 (6GB/200분),LTE|프로모션 할인|통화편의|통화편의|개인정보보호,6GB,200분,100건,33550,11770,https://www.sk7mobile.com/prod/data/callingPlanView.do?refCode=USIM&searchCallPlanType=PROD_USIM_TYPE_ALL&prodCd=PD00000347
PD00000348,USIM,PROD_USIM_TYPE_ALL,4,10% 포인트 (4GB/200분),LTE|프로모션 할인|통화편의|통화편의|개인정보보호,4GB,200분,100건,28600,11220,https://www.sk7mobile.com/prod/data/callingPlanView.do?refCode=USIM&searchCallPlanType=PROD_USIM_TYPE_ALL&prodCd=PD00000348
PD00000349,USIM,PROD_USIM_TYPE_ALL,4,10% 포인트 (2GB/200분),LTE|프로모션 할인|통화편의|통화편의|개인정보보호,2GB,200분,100건,21450,7590,https://www.sk7mobile.com/prod/data/callingPlanView.do?refCode=USIM&searchCallPlanType=PROD_USIM_TYPE_ALL&prodCd=PD00000349
PD00000350,USIM,PROD_USIM_TYPE_ALL,4,10% 포인트 (15GB+/100분),LTE|프로모션 할인|통화편의|통화편의|개인정보보호,15GB,100분,100건,49500,27500,https://www.sk7mobile.com/prod/data/callingPlanView.do?refCode=USIM&searchCallPlanType=PROD_USIM_TYPE_ALL&prodCd=PD00000350
PD00000351,USIM,PROD_USIM_TYPE_ALL,4,10% 포인트 (11GB+/통화맘껏),LTE|프로모션 할인|개인정보보호,11GB,기본제공,기본제공,52800,37400,https://www.sk7mobile.com/prod/data/callingPlanView.do?refCode=USIM&searchCallPlanType=PROD_USIM_TYPE_ALL&prodCd=PD00000351
PD00000352,USIM,PROD_USIM_TYPE_ALL,4,취향저격 편의생활 (15GB+/100분),LTE|프로모션 할인|통화편의|통화편의|개인정보보호,15GB,100분,100건,49500,28600,https://www.sk7mobile.com/prod/data/callingPlanView.do?refCode=USIM&searchCallPlanType=PROD_USIM_TYPE_ALL&prodCd=PD00000352
PD00000353,USIM,PROD_USIM_TYPE_ALL,4,취향저격 편의생활 (11GB+/통화맘껏),LTE|프로모션 할인|개인정보보호,11GB,기본제공,기본제공,51480,39000,https://www.sk7mobile.com/prod/data/callingPlanView.do?refCode=USIM&searchCallPlanType=PROD_USIM_TYPE_ALL&prodCd=PD00000353
PD00000354,USIM,PROD_USIM_TYPE_ALL,4,취향저격 카페타임 (15GB+/100분),LTE|프로모션 할인|통화편의|통화편의|개인정보보호,15GB,100분,100건,49500,28600,https://www.sk7mobile.com/prod/data/callingPlanView.do?refCode=USIM&searchCallPlanType=PROD_USIM_TYPE_ALL&prodCd=PD00000354
PD00000355,USIM,PROD_USIM_TYPE_ALL,4,취향저격 카페타임 (11GB+/통화맘껏),LTE|프로모션 할인|개인정보보호,11GB,기본제공,기본제공,51480,39000,https://www.sk7mobile.com/prod/data/callingPlanView.do?refCode=USIM&searchCallPlanType=PROD_USIM_TYPE_ALL&prodCd=PD00000355
PD00000356,USIM,PROD_USIM_TYPE_ALL,4,취향저격 베이커리 (15GB+/100분),LTE|프로모션 할인|통화편의|통화편의|개인정보보호,15GB,100분,100건,49500,28600,https://www.sk7mobile.com/prod/data/callingPlanView.do?refCode=USIM&searchCallPlanType=PROD_USIM_TYPE_ALL&prodCd=PD00000356
PD00000357,USIM,PROD_USIM_TYPE_ALL,4,취향저격 베이커리 (11GB+/통화맘껏),LTE|프로모션 할인|개인정보보호,11GB,기본제공,기본제공,51480,39000,https://www.sk7mobile.com/prod/data/callingPlanView.do?refCode=USIM&searchCallPlanType=PROD_USIM_TYPE_ALL&prodCd=PD00000357
PD00000358,USIM,PROD_USIM_TYPE_ALL,4,취향저격 딜리버리 (15GB+/100분),LTE|프로모션 할인|통화편의|통화편의|개인정보보호,15GB,100분,100건,49500,28600,https://www.sk7mobile.com/prod/data/callingPlanView.do?refCode=USIM&searchCallPlanType=PROD_USIM_TYPE_ALL&prodCd=PD00000358
PD00000359,USIM,PROD_USIM_TYPE_ALL,4,취향저격 딜리버리 (11GB+/통화맘껏),LTE|프로모션 할인|통화편의|통화편의|개인정보보호,11GB,기본제공,기본제공,51480,39000,https://www.sk7mobile.com/prod/data/callingPlanView.do?refCode=USIM&searchCallPlanType=PROD_USIM_TYPE_ALL&prodCd=PD00000359
PD00000369,USIM,PROD_USIM_TYPE_ALL,4,취향저격 아슈크림 (11GB+/통화맘껏),LTE|프로모션 할인|개인정보보호,11GB,기본제공,기본제공,51480,39000,https://www.sk7mobile.com/prod/data/callingPlanView.do?refCode=USIM&searchCallPlanType=PROD_USIM_TYPE_ALL&prodCd=PD00000369
PD00000370,USIM,PROD_USIM_TYPE_ALL,4,취향저격 아슈크림 (15GB+/100분),LTE|프로모션 할인|통화편의|통화편의|개인정보보호,15GB,100분,100건,49500,28600,https://www.sk7mobile.com/prod/data/callingPlanView.do?refCode=USIM&searchCallPlanType=PROD_USIM_TYPE_ALL&prodCd=PD00000370
PD00000375,USIM,PROD_USIM_TYPE_ALL,4,5G 유심 (9GB/1000분),5G|프로모션 할인|통화편의|통화편의|개인정보보호,9GB,1000분,100건,37400,12650,https://www.sk7mobile.com/prod/data/callingPlanView.do?refCode=USIM&searchCallPlanType=PROD_USIM_TYPE_ALL&prodCd=PD00000375
PD00000376,USIM,PROD_USIM_TYPE_ALL,4,5G 유심 (7GB/1000분),5G|프로모션 할인|통화편의|통화편의|개인정보보호,7GB,1000분,100건,33000,11440,https://www.sk7mobile.com/prod/data/callingPlanView.do?refCode=USIM&searchCallPlanType=PROD_USIM_TYPE_ALL&prodCd=PD00000376
PD00000377,USIM,PROD_USIM_TYPE_ALL,4,5G 유심 (5GB/1000분),5G|프로모션 할인|통화편의|통화편의|개인정보보호,5GB,1000분,100건,28600,10670,https://www.sk7mobile.com/prod/data/callingPlanView.do?refCode=USIM&searchCallPlanType=PROD_USIM_TYPE_ALL&prodCd=PD00000377
PD00000378,USIM,PROD_USIM_TYPE_ALL,4,LTE 유심 (7GB+/통화맘껏),LTE|프로모션 할인|통화편의|통화편의|개인정보보호,7GB,기본제공,기본제공,48400,18000,https://www.sk7mobile.com/prod/data/callingPlanView.do?refCode=USIM&searchCallPlanType=PROD_USIM_TYPE_ALL&prodCd=PD00000378
PD00000379,USIM,PROD_USIM_TYPE_ALL,4,10% 포인트 (7GB+/통화맘껏),LTE|프로모션 할인|통화편의|통화편의|개인정보보호,7GB,기본제공,기본제공,50090,19800,https://www.sk7mobile.com/prod/data/callingPlanView.do?refCode=USIM&searchCallPlanType=PROD_USIM_TYPE_ALL&prodCd=PD00000379
PD00000381,USIM,PROD_USIM_TYPE_ALL,4,번개 유심 (7GB+/통화맘껏),LTE|프로모션 할인|통화편의|통화편의|개인정보보호,7GB,기본제공,기본제공,48400,18000,https://www.sk7mobile.com/prod/data/callingPlanView.do?refCode=USIM&searchCallPlanType=PROD_USIM_TYPE_ALL&prodCd=PD00000381
PD00000382,USIM,PROD_USIM_TYPE_ALL,4,LTE 유심 (3GB+/200분),LTE|프로모션 할인|통화편의|통화편의|개인정보보호,3GB,200분,100건,36300,13860,https://www.sk7mobile.com/prod/data/callingPlanView.do?refCode=USIM&searchCallPlanType=PROD_USIM_TYPE_ALL&prodCd=PD00000382
PD00000386,USIM,PROD_USIM_TYPE_ALL,4,10% 포인트 (3GB+/200분),LTE|프로모션 할인|통화편의|통화편의|개인정보보호,3GB,200분,100건,37510,15180,https://www.sk7mobile.com/prod/data/callingPlanView.do?refCode=USIM&searchCallPlanType=PROD_USIM_TYPE_ALL&prodCd=PD00000386
PD00000387,USIM,PROD_USIM_TYPE_ALL,4,10% 포인트 (5GB+/200분),LTE|프로모션 할인|통화편의|통화편의|개인정보보호,5GB,200분,100건,41030,17600,https://www.sk7mobile.com/prod/data/callingPlanView.do?refCode=USIM&searchCallPlanType=PROD_USIM_TYPE_ALL&prodCd=PD00000387
PD00000390,USIM,PROD_USIM_TYPE_ALL,4,번개 유심 (3GB+/200분),LTE|프로모션 할인|통화편의|통화편의|개인정보보호,3GB,200분,100건,36300,13860,https://www.sk7mobile.com/prod/data/callingPlanView.do?refCode=USIM&searchCallPlanType=PROD_USIM_TYPE_ALL&prodCd=PD00000390
PD00000391,USIM,PROD_USIM_TYPE_ALL,4,번개 유심 (5GB+/200분),LTE|프로모션 할인|통화편의|통화편의|개인정보보호,5GB,200분,100건,39600,16060,https://www.sk7mobile.com/prod/data/callingPlanView.do?refCode=USIM&searchCallPlanType=PROD_USIM_TYPE_ALL&prodCd=PD00000391
PD00000398,USIM,PROD_USIM_TYPE_ALL,4,5G 유심 (110GB+/통화맘껏),5G|프로모션 할인|추천|통화편의|통화편의|개인정보보호,110GB,기본제공,기본제공,59400,45100,https://www.sk7mobile.com/prod/data/callingPlanView.do?refCode=USIM&searchCallPlanType=PROD_USIM_TYPE_ALL&prodCd=PD00000398
PD00000399,USIM,PROD_USIM_TYPE_ALL,4,취향저격 올리브영 (11GB+/통화맘껏),LTE|프로모션 할인|개인정보보호,11GB,기본제공,기본제공,51480,39000,https://www.sk7mobile.com/prod/data/callingPlanView.do?refCode=USIM&searchCallPlanType=PROD_USIM_TYPE_ALL&prodCd=PD00000399
PD00000400,USIM,PROD_USIM_TYPE_ALL,4,취향저격 올리브영 (15GB+/100분),LTE|프로모션 할인|통화편의|통화편의|개인정보보호,15GB,100분,100건,49500,28600,https://www.sk7mobile.com/prod/data/callingPlanView.do?refCode=USIM&searchCallPlanType=PROD_USIM_TYPE_ALL&prodCd=PD00000400
PD00000401,USIM,PROD_USIM_TYPE_ALL,4,LTE 유심 (10GB/2000분),LTE|프로모션 할인|추천|통화편의|통화편의|개인정보보호,10GB,2000분,2000건,41800,13000,https://www.sk7mobile.com/prod/data/callingPlanView.do?refCode=USIM&searchCallPlanType=PROD_USIM_TYPE_ALL&prodCd=PD00000401
PD00000402,USIM,PROD_USIM_TYPE_ALL,4,LTE 유심 (10GB/100분),LTE|프로모션 할인|추천|통화편의|통화편의|개인정보보호,10GB,100분,100건,33000,10200,https://www.sk7mobile.com/prod/data/callingPlanView.do?refCode=USIM&searchCallPlanType=PROD_USIM_TYPE_ALL&prodCd=PD00000402
PD00000403,USIM,PROD_USIM_TYPE_ALL,4,10% 포인트 (10GB/2000분),LTE|프로모션 할인|통화편의|통화편의|개인정보보호,10GB,2000분,2000건,43340,14190,https://www.sk7mobile.com/prod/data/callingPlanView.do?refCode=USIM&searchCallPlanType=PROD_USIM_TYPE_ALL&prodCd=PD00000403
PD00000405,USIM,PROD_USIM_TYPE_ALL,4,번개 유심 (10GB/2000분),LTE|프로모션 할인|통화편의|통화편의|개인정보보호,10GB,2000분,2000건,41800,13000,https://www.sk7mobile.com/prod/data/callingPlanView.do?refCode=USIM&searchCallPlanType=PROD_USIM_TYPE_ALL&prodCd=PD00000405
PD00000408,USIM,PROD_USIM_TYPE_ALL,4,5G 유심 (1GB/500분),5G|프로모션 할인|추천|통화편의|통화편의|개인정보보호,1GB,500분,100건,22220,6600,https://www.sk7mobile.com/prod/data/callingPlanView.do?refCode=USIM&searchCallPlanType=PROD_USIM_TYPE_ALL&prodCd=PD00000408
PD00000413,USIM,PROD_USIM_TYPE_ALL,4,LTE 복지 유심 (5GB/100분),LTE|프로모션 할인|통화편의|통화편의|개인정보보호,5GB,100분,100건,22000,8800,https://www.sk7mobile.com/prod/data/callingPlanView.do?refCode=USIM&searchCallPlanType=PROD_USIM_TYPE_ALL&prodCd=PD00000413
PD00000415,USIM,PROD_USIM_TYPE_ALL,4,LTE 안심 (5GB+/1000분),LTE|프로모션 할인|통화편의|통화편의|개인정보보호,5GB,1000분,1000건,33000,11660,https://www.sk7mobile.com/prod/data/callingPlanView.do?refCode=USIM&searchCallPlanType=PROD_USIM_TYPE_ALL&prodCd=PD00000415
PD00000416,USIM,PROD_USIM_TYPE_ALL,4,LTE 안심 (2GB+/1000분),LTE|프로모션 할인|통화편의|통화편의|개인정보보호,2GB,1000분,1000건,27500,10120,https://www.sk7mobile.com/prod/data/callingPlanView.do?refCode=USIM&searchCallPlanType=PROD_USIM_TYPE_ALL&prodCd=PD00000416
PD00000417,USIM,PROD_USIM_TYPE_ALL,4,LTE 안심 (10GB+/1000분),LTE|프로모션 할인|통화편의|통화편의|개인정보보호,10GB,1000분,1000건,44000,16200,https://www.sk7mobile.com/prod/data/callingPlanView.do?refCode=USIM&searchCallPlanType=PROD_USIM_TYPE_ALL&prodCd=PD00000417
PD00000418,USIM,PROD_USIM_TYPE_ALL,4,5G 유심 (24GB+/통화맘껏),5G|프로모션 할인|통화편의|통화편의|개인정보보호,24GB,기본제공,기본제공,48400,38500,https://www.sk7mobile.com/prod/data/callingPlanView.do?refCode=USIM&searchCallPlanType=PROD_USIM_TYPE_ALL&prodCd=PD00000418
PD00000419,USIM,PROD_USIM_TYPE_ALL,4,5G 유심 (11GB+/통화맘껏),5G|프로모션 할인|추천|통화편의|통화편의|개인정보보호,11GB,기본제공,기본제공,39600,31900,https://www.sk7mobile.com/prod/data/callingPlanView.do?refCode=USIM&searchCallPlanType=PROD_USIM_TYPE_ALL&prodCd=PD00000419
PD00000420,USIM,PROD_USIM_TYPE_ALL,4,LTE 유심 (1GB/50분),LTE|프로모션 할인|개인정보보호,1GB,50분,50건,4400,3300,https://www.sk7mobile.com/prod/data/callingPlanView.do?refCode=USIM&searchCallPlanType=PROD_USIM_TYPE_ALL&prodCd=PD00000420
PD00000421,USIM,PROD_USIM_TYPE_ALL,4,LTE 유심 (500MB/60분),LTE|프로모션 할인|추천|통화편의|통화편의|개인정보보호,500MB,60분,50건,3300,1900,https://www.sk7mobile.com/prod/data/callingPlanView.do?refCode=USIM&searchCallPlanType=PROD_USIM_TYPE_ALL&prodCd=PD00000421
PD00000422,USIM,PROD_USIM_TYPE_ALL,4,5G 태블릿 10GB+,3G|프로모션 할인|통화편의|통화편의|개인정보보호,10GB,0분,0건,30800,15400,https://www.sk7mobile.com/prod/data/callingPlanView.do?refCode=USIM&searchCallPlanType=PROD_USIM_TYPE_ALL&prodCd=PD00000422
PD00000423,USIM,PROD_USIM_TYPE_ALL,4,5G 태블릿 10GB,3G|프로모션 할인|통화편의|통화편의|개인정보보호,10GB,0분,0건,26400,11000,https://www.sk7mobile.com/prod/data/callingPlanView.do?refCode=USIM&searchCallPlanType=PROD_USIM_TYPE_ALL&prodCd=PD00000423
PD00000424,USIM,PROD_USIM_TYPE_ALL,4,5G 태블릿 5GB+,3G|프로모션 할인|통화편의|통화편의|개인정보보호,5GB,0분,0건,26400,12100,https://www.sk7mobile.com/prod/data/callingPlanView.do?refCode=USIM&searchCallPlanType=PROD_USIM_TYPE_ALL&prodCd=PD00000424
PD00000425,USIM,PROD_USIM_TYPE_ALL,4,5G 태블릿 5GB,3G|프로모션 할인|통화편의|통화편의|개인정보보호,5GB,0분,0건,22000,7700,https://www.sk7mobile.com/prod/data/callingPlanView.do?refCode=USIM&searchCallPlanType=PROD_USIM_TYPE_ALL&prodCd=PD00000425
PD00000430,USIM,PROD_USIM_TYPE_ALL,4,LTE 유심 (1GB+/통화맘껏),LTE|프로모션 할인|통화편의|통화편의|개인정보보호,1GB,기본제공,기본제공,33000,11000,https://www.sk7mobile.com/prod/data/callingPlanView.do?refCode=USIM&searchCallPlanType=PROD_USIM_TYPE_ALL&prodCd=PD00000430
